video_id,author,text,like_count,published_at
kdf3QRXg6jo,@user-xz4vv5dk8s,增加路口見警率，是可以改善各種交通亂象的,0,2025-06-06T06:36:55Z
kdf3QRXg6jo,@吳宗鑫-s5t,行人優先被撞區,1,2025-04-24T10:36:29Z
kdf3QRXg6jo,@chenrino544,十月？ 所以還要死半年人？,0,2025-04-21T04:01:53Z
kdf3QRXg6jo,@wii5652,謝謝交通部 我被碰瓷我被舉發吊照一年😂 謝謝政府,0,2024-12-20T17:24:00Z
kdf3QRXg6jo,@舒慶宇,"乾脆把市區全部都規劃成專用區就好了，然後政府大官的車，也同樣必須尊守，不要有特權，時速20, 騎機車都不穩了，叫那些大官們來騎看看",0,2024-12-20T07:56:20Z
kdf3QRXg6jo,@Z_K_S228,車繳這麼多稅，規則愈來愈多,0,2024-12-18T16:17:09Z
kdf3QRXg6jo,@洽卡,想錢想瘋了,0,2024-12-18T11:36:13Z
kdf3QRXg6jo,@永承謝,駕駛地獄,0,2024-12-18T10:00:04Z
kdf3QRXg6jo,@binsanke,應該培養駕駛人與路人的正確良好的習慣，一昧地用特區來限制，離開特區還是一樣危險駕駛，這樣有用嗎????<br>真的是頭痛醫腳,0,2024-12-17T10:07:54Z
kdf3QRXg6jo,@林阿富-w1f,應該換車子先走完再換行人走，不然行人都覺得無敵，事實每年走掉一堆人，連腳都掉了,0,2024-12-09T03:26:04Z
kdf3QRXg6jo,@潘永輝-v6k,幹，不認真抓白牌車,0,2024-12-07T06:07:05Z
kdf3QRXg6jo,@lIllIIllIlIlIIlIllIIlIIlllIllI,路權團體、時代力量才2%得票還能影響政府😂,1,2024-11-28T09:02:18Z
kdf3QRXg6jo,@lIllIIllIlIlIIlIllIIlIIlllIllI,Ubike都20起跳的，機車20？,1,2024-11-28T09:00:43Z
kdf3QRXg6jo,@蔡英俊-d3w,莫名其妙 不得超過20<br>那我開車就注意車速就飽了阿<br>同時還要注意 行人跟周圍車輛<br>人車分流 就這麼難嗎?,3,2024-11-26T16:22:02Z
kdf3QRXg6jo,@warneranthony7314,走人行道要刷QR code 實名制,0,2024-11-22T15:34:31Z
kdf3QRXg6jo,@ShiueJenYih,相信我，只會越設越多，又是一個政府撈好撈滿的政策,2,2024-11-21T12:55:38Z
kdf3QRXg6jo,@Rex-nx4nv,平衡？這是大是大非的問題，沒有平衡，只有一方完全遵守,0,2024-11-19T04:30:15Z
kdf3QRXg6jo,@雪霸之友,賊啊正腐,0,2024-11-09T00:13:07Z
kdf3QRXg6jo,@ivanchen-k5o,交通部長無能，應該下台！,0,2024-11-08T13:05:14Z
kdf3QRXg6jo,@ivanchen-k5o,畫個線設好陷阱，然後等收錢！,0,2024-11-08T13:01:10Z
kdf3QRXg6jo,@ivanchen-k5o,怎不先改善交通號誌燈設計，只會祭出一堆措施來限制人民開車行動否則就要罰，根本等於是一直在搶錢，真是可恥可惡！看以後誰還敢開車出門。應該要提出釋憲，阻止這樣層出不窮的搶錢手法出現才是。,0,2024-11-08T12:39:48Z
kdf3QRXg6jo,@m2247316,一堆過馬路在那邊滑手機慢慢走  這種政府 真頭痛..,3,2024-11-03T12:13:54Z
kdf3QRXg6jo,@孝文-m3j,罰三萬六？罰十萬政府才賺的爽。,0,2024-11-02T01:51:51Z
kdf3QRXg6jo,@K傑-v7f,應該弄個天橋給行人走像日本那樣,0,2024-10-30T02:09:48Z
kdf3QRXg6jo,@dtrwedty5164,這個政府真的瘋了,4,2024-10-28T08:25:21Z
kdf3QRXg6jo,@高和平-o6h,就改設汽機車禁行區啊<br>裡面行人走一走累了還可以就地補眠!!!!!!!!!<br>會弄成像陷阱不就是為了錢!!!!!!!!!!!,1,2024-10-27T20:28:44Z
kdf3QRXg6jo,@瘋愛,要不要乾脆全面禁止開車騎車 都他媽用走的,0,2024-10-22T13:44:09Z
kdf3QRXg6jo,@何瑞恩-h6j,鬼島 不會開車的人 在那立法 不要害人好嗎 大家都為了生活 往往事故率不一定是駕駛的問題吧 道路設計難道都沒問題嗎,0,2024-10-17T02:25:41Z
kdf3QRXg6jo,@healthyesthetics,個人比較支持分流進行!,0,2024-10-14T04:35:00Z
kdf3QRXg6jo,@洛羽松,行人違規的法則也應該加強，不然會有人給你方便，你ㄊㄇ給我當隨便，怎樣？你行人最大啊？你皇帝啊？，如果你們要當皇帝，麻煩你們去清朝這裡是中華民國，不！是！中！華！帝！國！！！跨雙黃線的、走路滑手機的，在那邊學殭屍的，一大堆，亂七八糟,0,2024-10-13T11:46:22Z
kdf3QRXg6jo,@Da-ik6xo,是不是可以再普級大眾運輸工具，才能有效的限制私有車的數量，並不是只顧收稅，然後不管用路人及駕駛的死活！,0,2024-10-09T11:33:44Z
kdf3QRXg6jo,@陳冠傑-i8r,建議所有斑馬線裝雞爪丁最快了,0,2024-10-08T10:39:40Z
kdf3QRXg6jo,@diorlu100,台灣一個博愛座的問題都解決不了 還解決交通問題勒,23,2024-10-02T20:41:43Z
kdf3QRXg6jo,@jeey526,這樣會出現行車地獄😂,1,2024-10-02T15:16:16Z
kdf3QRXg6jo,@chanemark2592,最有效的是像日本、韓國一般設立行人分隔欄杆，不但有效率保護行人安全，更能防止汽車轉彎時切西瓜,1,2024-10-01T13:00:34Z
kdf3QRXg6jo,@beckysusu,把行人走的時間和行車時間分開 就好!!,0,2024-10-01T07:14:56Z
kdf3QRXg6jo,@許志宇-o6h,我比較好奇行人地獄改善了 什麼時候要改善行車地獄了 腳踏車亂騎 行人燈沒亮就過沒斑馬線也在亂過 過馬路低頭滑手機 站在斑馬線上不過聊天 徒步行走橋上機車道⋯⋯<br>不要以為行人都沒有問題 問題跟汽機車一樣多 馬路設計也是一堆問題 路上一對轉角路口 斑馬線旁時不時都一堆車擋住視線,0,2024-10-01T06:55:11Z
kdf3QRXg6jo,@cheng4183,只會越來越亂而已，現在行人不走斑馬線的也一堆，過馬路不看左右邊直接過，划手機、講電話都是常態，這就是給行人無限的權利無敵狀態。還有爆衝型路人，為了讓他差點出車禍。,1,2024-09-30T10:25:59Z
kdf3QRXg6jo,@98989508,日本都是行人先走完才換車子😂台灣在幹嘛,0,2024-09-30T04:30:37Z
kdf3QRXg6jo,@up2613,拜託政府：<br>為什麼不優先增設行人專用時序？人車分流最安全。<br>並增設大車會行進路口、車多路口，請增設行人專用時序，並增加路口行人穿越線範圍照明。,9,2024-09-29T16:11:55Z
kdf3QRXg6jo,@Sesedddrcrfrftfy-x9e,連外國人都不斷批評台灣是行人地獄，政府仍然沒什作為。在歐美國家，過馬路時車子永遠會禮讓行人，在台灣卻是駕駛最大？每次過台灣的馬路都覺得很危險，到底何時台灣才能有所改變，還是繼續丟臉世界，波及無辜？,10,2024-09-29T11:39:16Z
kdf3QRXg6jo,@monsterlovecat,行人慢慢走，這樣又變成行車地獄了。😂😂<br>這樣後面的車要不要跟上來？號誌燈變了，卡在中間怎麼辦？😅<br>考驗駕駛的邏輯反應能力囉。,5,2024-09-29T11:17:31Z
kdf3QRXg6jo,@TopicMarker,然後看到學生騎著電動車，時速50-60穿梭,0,2024-09-29T09:02:37Z
kdf3QRXg6jo,@chriszhang5552,完全沒屁用，會讓的自然會把車停下來不會讓的一樣不會讓，該做的是提高違規的刑罰像是撞到人被關5年以上然後撞死人用命賠償，我就不信這樣沒辦法降低事故發生率,0,2024-09-29T07:42:34Z
kdf3QRXg6jo,@黃清炎-w5o,全部都沒有用的啦😮,1,2024-09-29T03:52:29Z
kdf3QRXg6jo,@cloudcastle8355,我有一個更棒的意見，除了快速道路跟高速公路之外，以後汽機車上路都必須限速在20公里以下，這樣妥妥的能讓台灣擺脫行人地獄的惡名！,0,2024-09-29T03:27:45Z
kdf3QRXg6jo,@星星-i4q,帝王條款加強版嗎,0,2024-09-29T02:40:40Z
kdf3QRXg6jo,@林君威-g8p,時速20以下，乾脆封路好了，誰騎在路上低於20的，別用20以下害人,9,2024-09-29T02:04:03Z
kdf3QRXg6jo,@user-MEVIUS271,唉😮‍💨⋯⋯能換個人做嗎？,0,2024-09-28T22:28:33Z
kdf3QRXg6jo,@沙石頭,只想收割而已。教育才是根本。官哪！,0,2024-09-28T21:41:12Z
kdf3QRXg6jo,@wsmanga,然後你發現隨車攜帶大聲公的駕駛好像變多了。,1,2024-09-28T19:12:19Z
kdf3QRXg6jo,@shawn77405,先預言新制上路沒多久，馬上接獲民眾陳情大轉彎,0,2024-09-28T18:53:04Z
kdf3QRXg6jo,@toru4064,交通部換人來做  請讓專業的來,1,2024-09-28T18:47:46Z
kdf3QRXg6jo,@chungadam4823,時速20嗎?乾脆騎車經過還是用牽的過去好了,0,2024-09-28T18:23:33Z
kdf3QRXg6jo,@林XX-p9i,交通部根本拿人民命來做實驗⋯⋯<br><br>出事率傷亡率居高不下！應要懲處交通部人員！,8,2024-09-28T18:02:24Z
kdf3QRXg6jo,@Arcus0827,已經可以預見到時候交通大打結~,0,2024-09-28T16:38:04Z
kdf3QRXg6jo,@AILEE09,增加交警啊~~~人潮多要監視管理...沒交警大家都當勇士衝!!,0,2024-09-28T16:18:52Z
kdf3QRXg6jo,@ski5250,邊走邊滑手機不按喇叭提醒還站在路中回訊息，是要等多久⋯,1,2024-09-28T15:55:50Z
kdf3QRXg6jo,@QBTeacher,提醒大家現在台灣沒有死刑了,5,2024-09-28T14:51:10Z
kdf3QRXg6jo,@DerekLiu-v5q,"之後汽車標配鳴笛與擴音器,行人在斑馬線慢慢晃就先鳴笛後用擴音器敦促盡速通過路口不要逗留",1,2024-09-28T14:07:13Z
kdf3QRXg6jo,@huachung-w2d,其實百姓好像有解法 只有官員不知道? 好特別,6,2024-09-28T14:06:05Z
kdf3QRXg6jo,@fhgrdoghdoi,台灣的政策從來都沒有審慎評估四個字.這就是尚方寶劍想怎麼砍怎麼都都隨地方政府亂設亂撈.反正有錢進國庫就好其他都不重要,0,2024-09-28T13:46:53Z
kdf3QRXg6jo,@moopenb,當行人號誌亮綠燈    路口紅綠燈一律都紅燈  做區別不是很好嗎  省的轉彎車拿A柱當藉口,14,2024-09-28T13:38:06Z
kdf3QRXg6jo,@KittyFace999,把行人走的時間和行車時間分開  才是解法,4,2024-09-28T13:22:08Z
kdf3QRXg6jo,@user-a586,專區都沒人在理了<br>優先區誰在意😂,3,2024-09-28T13:20:53Z
kdf3QRXg6jo,@jfree4465,沒有「實體」人行道都沒用,0,2024-09-28T13:19:12Z
kdf3QRXg6jo,@騎著馬的兔子,為什麼不把行人走的時間和行車時間分開呢?,7,2024-09-28T13:17:57Z
kdf3QRXg6jo,@q123q321qw,沒有互相平衡，罰的都是車，人勒?,2,2024-09-28T13:15:14Z
kdf3QRXg6jo,@Cindy-n7e,記者可愛 不錯,3,2024-09-28T13:14:05Z
kdf3QRXg6jo,@angelfish021,亡國材玩過了 換個人玩,0,2024-09-28T13:13:18Z
kdf3QRXg6jo,@mimiho1828,交通部表示，請人民指教,1,2024-09-28T13:11:32Z
kdf3QRXg6jo,@狠人大帝-r3t,紅綠燈，綠燈右轉，A柱，問題依然存在,1,2024-09-28T13:08:40Z
kdf3QRXg6jo,@陳光-w2u,怎麼抓 有按喇叭又要怎麼舉證,3,2024-09-28T13:07:33Z
kdf3QRXg6jo,@toyandytw1758,管交通，只需會提高罰金，降低速限，好簡單啊,27,2024-09-28T13:06:34Z
kdf3QRXg6jo,@MH-L-v4e,"<a href=""https://www.youtube.com/watch?v=kdf3QRXg6jo&amp;t=41"">0:41</a>那位行人還滑手機，自己也應該要有防禦觀念，難保不會遇到三寶",9,2024-09-28T13:06:30Z
kdf3QRXg6jo,@Linshh,行人優先，汽車搶先。,0,2024-09-28T13:05:55Z
kdf3QRXg6jo,@林北中共同路人出征我,行狗又嗨起來了,2,2024-09-28T13:03:27Z
kdf3QRXg6jo,@ShibaKeng,罰太重了吧,1,2024-09-28T13:01:08Z
LekeacQaQhg,@劉旮旯,台灣人民素質太差 車不讓人 酒駕違停 反正罰不怕😂,0,2023-04-25T17:32:46Z
LekeacQaQhg,@starblack4947,以後就拿磚塊走斑馬線，違規不禮讓行人的車輛遭遇車損需自己負責,0,2023-01-08T23:28:06Z
LekeacQaQhg,@現在的我也是基德,行人優先，車子搶先。,0,2023-01-04T14:55:29Z
LekeacQaQhg,@victoriaww,我走斑馬線一定拿手機錄影<br>只有這樣汽機車才會禮讓行人<br>修法也不會修多重的法<br>還不如拿手機錄影自保比較有用,0,2022-12-26T10:11:16Z
LekeacQaQhg,@huang2256,行人有路權，汽車也有路權，如果沒辦法共存，那就改成全時相行人通行，所有車輛紅燈，該汽機車直行轉彎時，就趕緊快速轉，不會有行人會出現。,0,2022-12-23T07:10:33Z
LekeacQaQhg,@庫洛くろ,我是覺得紅綠燈要在多個秒數，專門給行人過的，不然車跟行人爭奪時間，根本就沒好處,0,2022-12-22T07:42:48Z
LekeacQaQhg,@nick-b5u,警察是裝飾藝術,0,2022-12-19T02:33:40Z
LekeacQaQhg,@詹姆士-j1d,台灣的駕駛就這副德性 不要懷疑,0,2022-12-19T01:31:08Z
LekeacQaQhg,@joezjc,上周我騎車，前面的汽車紅線停車，讓後面的車輛跟我堵住，警察就剛好面對且站在他車門旁，有看到卻甚麼事都不做的站在那裡,0,2022-12-18T10:05:11Z
LekeacQaQhg,@u-zd9c,習慣了，有次車流量大直接等到紅燈，根本不給過，而且還開超快，過去就變肉餅了😅,0,2022-12-18T05:41:00Z
LekeacQaQhg,@leoh5247,警察職責是開罰單，收罰款，其他屁民不要想太多。,0,2022-12-17T16:16:08Z
LekeacQaQhg,@leoh5247,警察職責是開罰單，收罰款，其他屁民不要想太多。,0,2022-12-17T16:16:07Z
LekeacQaQhg,@劉小銘-b9r,有看到行人標誌破爛成那樣，看影片,0,2022-12-17T13:52:46Z
LekeacQaQhg,@黃新-b2z,我不知道斑馬線畫是什麼作用太誇張了⋯⋯,0,2022-12-17T12:58:36Z
LekeacQaQhg,@chenben9462,好暖的都市，過個馬路都可以感覺到警察的溫暖，對車主的溫暖,9,2022-12-17T11:09:04Z
LekeacQaQhg,@toddhc2738,不是硬不硬過的問題，而是交通燈不該這樣設計,2,2022-12-17T10:35:50Z
LekeacQaQhg,@apple-on5pq,在十字路口安裝相機就好啦，違規的都會被拍下來 根本就不需要員警在場去抓。,0,2022-12-17T08:35:58Z
LekeacQaQhg,@昌-b8x,高雄警察執勤就跟違規照相機一樣,0,2022-12-17T07:05:08Z
LekeacQaQhg,@jinjin6189,在高雄市很正常啊!,0,2022-12-17T06:29:04Z
LekeacQaQhg,@Cpp_it_in_come,南國風情,0,2022-12-17T06:27:15Z
LekeacQaQhg,@a156025226,現在很多人 行人過馬路 都不快步走 還慢慢走 然後人都走完 都紅燈 後面的車輛都來不及過 都還要再等紅燈 然後造成道路堵塞 車要優先禮讓行人先過沒錯 但人不讓車過 開車的人 怎麼辦 難怪台灣交通這麼擠,0,2022-12-17T06:12:52Z
LekeacQaQhg,@阿郁劉,罰6000就不會不讓了,0,2022-12-17T04:56:47Z
LekeacQaQhg,@ummmNoQ,笑死<br>......  可憐的路人,0,2022-12-17T02:01:40Z
LekeacQaQhg,@stanley4068,明顯就是員警不作為啊~阿拍謝我漏看了標題是在高雄，依照高雄邏輯→ 疑?看不出來兩名員警哪裡有問題啊?,0,2022-12-17T01:35:40Z
LekeacQaQhg,@f6993,高譚市不意外,0,2022-12-17T00:39:53Z
LekeacQaQhg,@王子炒麵,本館路<br>路爛又小 車又多,0,2022-12-16T15:38:29Z
LekeacQaQhg,@LOWYO1,有夠可悲的台灣唉...交通部一天不死光台灣人沒一天好日子過,0,2022-12-16T14:57:02Z
LekeacQaQhg,@方進義,不說還以為那兩個警察是人形告牌啦。,0,2022-12-16T13:06:52Z
LekeacQaQhg,@謝正道,習近平：武統後先殺光高雄人,0,2022-12-16T11:05:58Z
LekeacQaQhg,@matt90673,人最大，三寶走在路中間也不會有事。,0,2022-12-16T09:41:24Z
LekeacQaQhg,@Jason-nc7jq,腳踏車不算行人算機慢車，不用特別禮讓,0,2022-12-16T09:01:33Z
LekeacQaQhg,@許珮瑩-f2i,之前看到併車警察經過也沒停下勸導人都不好走,0,2022-12-16T08:22:42Z
LekeacQaQhg,@306-d4v,"台南也是一樣,行人必需禮讓車輛,不然會被叭",0,2022-12-16T08:22:39Z
LekeacQaQhg,@hamanoytuse,你以為跟汽車硬碰硬就會贏嗎?  別以為只是擦撞，你可能真的會被輾死.........,0,2022-12-16T08:04:35Z
LekeacQaQhg,@royyang5116,影片少了行人穿越號誌燈，高雄比不上越南！,0,2022-12-16T08:03:31Z
LekeacQaQhg,@kaiyamato3685,放個監視器   科技執法    未禮讓行人就是罰單過去     不是更簡單    每個路口都裝設阿    闖紅燈壓線拍照+噪音感測  也都可以多多裝設    改管車真的有夠吵,1,2022-12-16T08:02:53Z
LekeacQaQhg,@陳文彬-y9k,員警真的塑膠做的？,0,2022-12-16T07:56:48Z
LekeacQaQhg,@pandora6374,笑死警察只怕攔不到沒兩段式的機車而已🎉🎉🎉,0,2022-12-16T07:44:35Z
LekeacQaQhg,@s0987386266,設置行人保護時相就行了啊，這個時相就是所有方向車輛都要停下只有行人能夠通行,3,2022-12-16T07:27:56Z
LekeacQaQhg,@大叔-o1c,警察站著也傻眼了,0,2022-12-16T07:25:00Z
LekeacQaQhg,@user-Almark,然而，當你停下等行人的時候後面就撞過來了，然後再說：你突然停下來三小啦,1,2022-12-16T06:54:40Z
LekeacQaQhg,@XxXqmbop,別跟外地人說高雄人最真最善良😂,0,2022-12-16T06:52:26Z
LekeacQaQhg,@謝志明-x2k,什麼路口警察，是植物人還是殘障警察，執法不如保全義警，警政署請立即徹職回家，移送法辦。苓雅分局長要記過，無能領導，散漫警紀，人民保姆，執法失能。,0,2022-12-16T06:47:38Z
LekeacQaQhg,@天撒,難怪？<br><br>這種狀況已經多久了，難道自己沒點逼數？,0,2022-12-16T06:32:56Z
LekeacQaQhg,@小豪-u3p,6000,0,2022-12-16T06:30:34Z
LekeacQaQhg,@哈比汪-v9u,警員表示 標誌禮讓車輛通行啦 <br>我們正在疏導交通 沒在看行人禮讓啦<br>就算看見也要假裝沒看見 我們首要任務就是疏導交通 <br>共三小 絲米達<br>台灣警察都真的在搞笑嗎 選擇性執法,0,2022-12-16T06:22:46Z
LekeacQaQhg,@凌晨三點十五分,警察就站在旁邊看有點諷刺呀...,4,2022-12-16T06:09:42Z
LekeacQaQhg,@erichuang2553,警察👮‍♀️：又不是機車違規，汽車有什麼問題呢？哈哈😊😂,1,2022-12-16T06:09:36Z
LekeacQaQhg,@蔡慧玲-g1c,我覺得連在地的都很害怕,1,2022-12-16T06:03:58Z
LekeacQaQhg,@gatevillage8620,這個有很稀奇嗎？  連政治人物都帶頭違規了，台灣交通早就沒救了。<br>上個月選舉前，政治人物的宣傳車那才叫做霸道！ 一個排硬是闖紅燈左轉，全部人都得讓，不讓還會叫囂😂,0,2022-12-16T06:00:02Z
LekeacQaQhg,@小賴-u7m,這是  隨波  逐流吧？？？,0,2022-12-16T05:55:19Z
LekeacQaQhg,@shenghonghsu8934,這就有點莫名其妙，應該直接攔停開罰才對啊!這邊就交流道下來沒多遠你各位都知道了為何不去攔停?我不信第一台被攔停後面還敢繼續造次?!,2,2022-12-16T05:43:43Z
LekeacQaQhg,@Billy-cm5yg,悲哀,0,2022-12-16T05:18:07Z
LekeacQaQhg,@zzaphyrr,就說台灣警察很爛了就算在現場也是被當塑膠，警察越來越被看不起真的是自己造成的啦，不要老是要上新聞要尊嚴還不是你們自己丟掉的,0,2022-12-16T05:14:14Z
LekeacQaQhg,@林福生-p1y,那是活人喔？我以為是兩個人型看板擺在那,0,2022-12-16T04:56:49Z
LekeacQaQhg,@a5006009999,之前就試過了，很不要命的挑戰綠燈直接過馬路會怎樣，結果三天內被罵了幾十次三字經，十次差點被撞飛，其他路人笑我不要命<br>行人路權🤣,5,2022-12-16T04:42:35Z
LekeacQaQhg,@takohwong,警察也是台灣人，脫下制服後跟大家一樣，從小就已經習慣這樣的交通環境了，穿上制服後會沒即時攔檢，只能說不意外,4,2022-12-16T04:42:16Z
LekeacQaQhg,@ming5760,現在才知道要報喔？<br>常常等了兩分鐘的紅燈，好不容易等到綠燈了，結果又等左轉車等到紅燈了，無限循環優質,1,2022-12-16T04:39:09Z
LekeacQaQhg,@艾克修,昨天親眼看到，機車綠燈左轉，前面那條路也是綠燈，一輛遊覽車剛好卡在路口，許多機車從遊覽車前面躦，司機大概覺得再讓人躦，他就得等下一個綠燈，於是往前開一點<br>還是有機車不怕死，後照鏡都直接打到遊覽車擋風玻璃，依然要躦,0,2022-12-16T04:29:20Z
LekeacQaQhg,@annpan101,高雄的交通發生什麼都不意外,0,2022-12-16T04:24:37Z
LekeacQaQhg,@emo5211,警察是站在那邊看戲，應該不用當警察了吧？<br>該盡的職責都沒做到,0,2022-12-16T04:24:35Z
LekeacQaQhg,@gcg3507,那幾台抓出來罰單開一開就沒事了,0,2022-12-16T04:13:10Z
LekeacQaQhg,@rdtge6861,做個天橋比較好,0,2022-12-16T04:05:13Z
LekeacQaQhg,@班特利,笑死 理由這麼多 法盲!  緊盯機車有沒有兩段式左轉而已吧！,0,2022-12-16T04:03:56Z
LekeacQaQhg,@迪迪諾,警察： 我也怕被撞阿,0,2022-12-16T03:48:30Z
LekeacQaQhg,@Rurumi0617,超級可悲,0,2022-12-16T03:46:39Z
LekeacQaQhg,@abc741pig,聽說警察最近還吵著要加班費呢,0,2022-12-16T03:42:34Z
LekeacQaQhg,@1230cheng,站在那裡瞪汽車駕駛，就站著瞪，瞪完再回過頭瞪警察！,0,2022-12-16T03:38:05Z
LekeacQaQhg,@YaYa-zv8iy,🤣為什麼是檢討警察而不是檢討交通道路管理者？,1,2022-12-16T03:33:39Z
LekeacQaQhg,@xm6872,綠燈分開亮不就好了，這樣大家一起原地等各自綠燈 呵呵,0,2022-12-16T03:31:42Z
LekeacQaQhg,@nf9052,看到高雄我就放心了,0,2022-12-16T03:25:02Z
LekeacQaQhg,@Duckbiker1209,我問一下旁邊的警察在發呆嗎,0,2022-12-16T03:17:32Z
LekeacQaQhg,@tiidaya9086,平均一天死8人不是沒原因脮,0,2022-12-16T03:17:19Z
LekeacQaQhg,@林士翔-d8n,雖然沒有說要肉身擋車 但 最少通報一下吧,0,2022-12-16T03:13:55Z
LekeacQaQhg,@wheatchen4159,規定是死的<br>人是活的.....<br><br>警察.....................,0,2022-12-16T02:33:38Z
LekeacQaQhg,@yueh6372,警察真的好棒棒！不准民眾檢舉，人都在現場了還無作為呢。不需兩個一起吧，就是在聊天呀，騙我們沒在看嗎？,0,2022-12-16T02:30:28Z
LekeacQaQhg,@richard1247,"<a href=""https://www.youtube.com/watch?v=LekeacQaQhg&amp;t=75"">1:15</a> 規定大家都知道也都會講，可是按規定作的人卻很少",0,2022-12-16T02:05:54Z
LekeacQaQhg,@NNY31,很麻煩欸 禮讓行人 ！每次都要等超久 還給我慢慢走 滑手機的 聊天的 看風景的 一堆 馬的真相輾過他們,0,2022-12-16T02:05:27Z
LekeacQaQhg,@炎飛,假裝沒看見就等於沒有違規發生,1,2022-12-16T02:04:15Z
LekeacQaQhg,@haowun,有些爛駕駛就不讓行人<br>真希望科技執法全部抓一抓<br>然後警察站在那邊沒作為就是欠罵欠轟<br>活該被罵,1,2022-12-16T01:44:46Z
LekeacQaQhg,@vulm300406,交通3E完全沒做就算了，還不給民眾檢舉，交通部是不是只會算死人數量啊？要不要通通下台給殯葬業管算了,1,2022-12-16T01:22:13Z
LekeacQaQhg,@junglu211,未禮讓行人就算罰金調高到罰三萬，只要警政機關沒主動取締，都沒用的,0,2022-12-16T01:21:50Z
LekeacQaQhg,@kennysun0917,左轉燈亮 ，應該要禁直行 行人也是！會有左轉燈號就是左轉車流大才會設，若還要讓行人（走的慢）那就過不了幾輛車 左轉燈形同虛設！ 。我是有陰陽眼嗎？路口好像有2個類似警察的“靈體”！車輛未禮讓行人……未攔停也沒有任何動作……應該是陰靈！可惜也是爛陰靈沒保祐行人,0,2022-12-16T01:01:12Z
LekeacQaQhg,@林建嵐,就科技執法，一天開個幾千張，很快就沒人敢不讓了,1,2022-12-16T00:53:29Z
LekeacQaQhg,@jskpigjskpig301,"（一）依據道路交通管理處罰條例第7條之2規定：<br>汽車駕駛人之行為有下列情形之一，當場不能或不宜攔截製單舉發者，得逕行舉發：<br>1、闖紅燈或平交道。<br>2、搶越行人穿越道。...................................................................該出手就要出手啦!!!!整天打官腔",0,2022-12-16T00:24:27Z
LekeacQaQhg,@許志宇-o6h,新聞神甚麼時候點名行人較踏車違規的?行人橫越雙黃線 腳踏車逆向鬼之切入的? 講得很像行人都很有素質一樣,0,2022-12-16T00:15:24Z
LekeacQaQhg,@龍吟蕭,高雄都這樣 一堆車搶快左轉 完全不稀奇 根本是日常操作 講了也不聽 反正下次還是會這樣,0,2022-12-15T23:36:07Z
LekeacQaQhg,@jhchen1707,車本交通國家，騎腳踏車跟走路根本羞辱自己，建議買台汽車才出門，才像個人。,0,2022-12-15T23:14:38Z
LekeacQaQhg,@s28261969,撞到大家自然就停下來了 別害怕,0,2022-12-15T23:02:58Z
LekeacQaQhg,@user-aaa3939,警察裝飾用？？？,2,2022-12-15T22:59:07Z
LekeacQaQhg,@葉俊良-o1x,警察就塑膠的啊,0,2022-12-15T22:42:14Z
LekeacQaQhg,@RMFISH74,無腦<br>四輪三寶<br>與<br>廢警素質正常發揮,0,2022-12-15T22:22:14Z
LekeacQaQhg,@666-Like,腳痛布表示汽車最安全，行人什麼都沒包肉，為了減低事故發生禁止行人過馬路，沒行人就沒有汽車不禮讓行為發生。,5,2022-12-15T22:17:25Z
LekeacQaQhg,@abingochen,這種禍害人的說法是害人的根源。紅燈停綠燈行才能有標準依據，行人優先根本是在陷害人民，交通事故最大的禍首。,4,2022-12-15T22:12:50Z
LekeacQaQhg,@user-hs6lm9pr5p,交通的BUG。能行走了！但是又能有左轉車通過。別說禮讓行人的屁話。就算車子開到斑馬線前停車。行人走的過程也會嚇到的。,0,2022-12-15T22:01:54Z
LekeacQaQhg,@earth4682,"兩條路給駕駛選<br>1.終身黏在車上,不跟汽車分離<br>2.吊銷駕照,終身不得考取",0,2022-12-15T21:32:52Z
LekeacQaQhg,@justin000456,在那邊錄影的話可以為國庫入帳好幾萬,0,2022-12-15T20:50:00Z
LekeacQaQhg,@bensonhu4960,台湾城市車多 人多 本就要非常小心 看到要礼誏行人的車子被後車輛猛按喇叭 甚至有被追撞的風險 实務上不好解決 或許號誌上先誏行人通行30秒 再讓車子通行,3,2022-12-15T20:48:01Z
LekeacQaQhg,@陳弘毅-m1z,汽車左轉既然會搶快不禮讓行人?  那就汽車兩段式左轉 不就解決了,0,2022-12-15T19:18:16Z
LekeacQaQhg,@itazuma1013,讓我們繼續檢討機車違規，繼續限縮機車路權,0,2022-12-15T19:10:18Z
TLQitdKrUm8,@user-xz4vv5dk8s,增加路口見警率，是可以改善各種交通亂象的,0,2025-06-06T06:37:11Z
TLQitdKrUm8,@1987uuuuuu,三千人? 唬爛,0,2025-04-20T05:01:21Z
TLQitdKrUm8,@鄭景中-m1b,出生都不夠。,0,2023-05-24T03:06:33Z
TLQitdKrUm8,@RaintoSatoru,爛報導，只會怪機車? 汽車違停違規事故一堆不講，只會推給機車真好棒棒,0,2023-03-21T18:43:48Z
TLQitdKrUm8,@ABC_DE2487,陳立法委員大恩大德奉獻限縮檢舉政策，讓臺灣違規紅到國際，臺灣之光阿,1,2022-12-21T05:42:02Z
TLQitdKrUm8,@rossilin5194,外送員事故率高跟曝險時間長無關好嗎，是你外送員趕單直直衝才是主因,0,2022-12-21T04:16:30Z
TLQitdKrUm8,@方何-h3j,不禮讓行人 走到一半沒人行道 鬼切 在巷子飆快車 違停 一大堆有的沒的 台灣人的交通素質 跟落後國家差不多。台灣人又喜歡看一些每天吹捧台灣的YouTuber 然後就自我感覺良好,0,2022-12-21T01:32:07Z
TLQitdKrUm8,@joys5011,並排違停汽能罰重點嗎??每天同一路段..連續4台..是要機車怎騎...然後快車道汽車.又要逼車慢車道的機車..機車能飛嗎??,0,2022-12-20T23:52:18Z
TLQitdKrUm8,@playnice3188,台灣9成以上有汽車駕照的人都是有上過駕訓班，拿到駕照後，三寶也是一堆,1,2022-12-20T15:56:33Z
TLQitdKrUm8,@zookfg87,那就駕照給他用個使用期限(1到3年內)時間到了再去考一次 當天考駕照人 工作薪水照發,0,2022-12-20T07:37:19Z
TLQitdKrUm8,@jay-9527,千錯萬錯都是機車的錯 汽車都好棒棒的概念 殊不知數據都打臉 最會違規就是四輪...,4,2022-12-20T06:49:04Z
TLQitdKrUm8,@d9585939,駕照考照制度要檢討…,3,2022-12-20T06:29:49Z
TLQitdKrUm8,@kevinchu5441,離天堂最近的地方不是在新喀里多尼亞也不是在西藏，而是在台灣🤣,0,2022-12-20T04:23:57Z
TLQitdKrUm8,@MrApplebin,對，四輪都不用教育,0,2022-12-20T03:39:19Z
TLQitdKrUm8,@maverickjiang1996,猴子死了活該啦,0,2022-12-20T02:45:14Z
TLQitdKrUm8,@蘇華-y7v,不要鑽車不要超速,1,2022-12-20T02:27:23Z
TLQitdKrUm8,@utu0928,"貴為交通安全協會的長官還能說出<a href=""https://www.youtube.com/watch?v=TLQitdKrUm8&amp;t=150"">2:30</a>的言論才是造成交通混亂的主因",1,2022-12-20T02:17:45Z
TLQitdKrUm8,@TWKUO-wm5zd,"<a href=""https://www.youtube.com/watch?v=TLQitdKrUm8&amp;t=150"">2:30</a>那邊講的會讓人解讀錯誤<br>應該說，四輪跟二輪行駛時，不能在同車道「併行」<br>而非不能共用車道<br>畢竟設置機慢車專用道遇到路口會發生甚麼事情<br>大家你知我知",0,2022-12-20T01:54:32Z
TLQitdKrUm8,@AKABA-T,越南一年死八千但人口是四倍，駕照一樣好考，只差在沒機慢車道、沒兩段式左轉、沒待轉格、沒靠右左轉藍藍路、沒禁行機車、圓環沒亂插紅綠燈、而且還能上國道,0,2022-12-20T01:43:32Z
TLQitdKrUm8,@sorbro4261,這種說法真的很好笑 機車本來就是肉包鐵 出示了肯定會比4輪受更重的傷<br>每次聽到再說 交通死傷人機車比例占最高 都覺得在聽廢話,2,2022-12-19T23:58:11Z
TLQitdKrUm8,@伊斯特-k3t,路上充斥著各種違規，無論是行人、機車、汽車都一樣，千萬不要覺得自己遵守交通規則就沒問題，危機意識、防衛駕駛比規則更重要<br><br>常常聽到有些人總愛把路權掛嘴邊，問題就在於你遵守路權?路權不會保佑你身體健康,1,2022-12-19T23:53:04Z
TLQitdKrUm8,@miaoliwu9698,"<a href=""https://www.youtube.com/watch?v=TLQitdKrUm8&amp;t=150"">2:30</a> 機車不是慢車好嗎，機慢車是什麼鬼 <br><br>機車數量占比超過六成，車禍當然比較多，<br>但是看肇事比率會更準，只會公布機車的肇事總量，相當不公平",3,2022-12-19T23:08:21Z
TLQitdKrUm8,@Ms686866,汽車事故發生率更高喔而且還是在以汽車為主要設計中心的道路上喔 一噸的大型機具台灣人每個都要會開才是常識吧,0,2022-12-19T19:38:50Z
TLQitdKrUm8,@a0982183071,只會針對機車族 有夠可悲,2,2022-12-19T17:52:15Z
TLQitdKrUm8,@劉美珠-b9h,外送員自己也不守交通 規則搶送外買時間常不守規則,0,2022-12-19T17:30:35Z
TLQitdKrUm8,@率帥帥,鬼島意外嗎?,0,2022-12-19T16:32:55Z
TLQitdKrUm8,@老吉-s3l,四輪大爺那麼多~~機車想閃也閃不過啊,3,2022-12-19T16:09:46Z
TLQitdKrUm8,@拉機太閒購物看妹也抓,台灣違停真的很誇張，我已經天天檢舉了，警察還故意不開單，投訴督察還只會包庇，真的很誇張，哈哈哈哈~。,8,2022-12-19T15:24:52Z
TLQitdKrUm8,@oshiosoyeelay,建議新聞台可以做個死亡車禍的死因分析報導<br>多數機車騎士車禍死亡原因多半是頭部重創，其實在路上很多人的安全帽配戴都不正確，頤帶都沒調整好，導致車禍發生瞬間安全帽就噴飛，人的頭部真的經不起一點撞擊，撞到頭就導致憾事發生，政府應該加強安全帽配戴方式的宣導，警察也可以對沒拉好安全帽頤帶的騎士宣導,1,2022-12-19T15:11:26Z
TLQitdKrUm8,@李小珠-x9n,今天看到一台轎車，紅燈很久了，還要硬衝過去，真是莫名其妙,1,2022-12-19T15:08:36Z
TLQitdKrUm8,@凌雲峰的狸貓,汽車駕駛不交通規則，道路設計，違停等等都有多問題，不能把問題全部歸咎在機車族上，這並不公平,9,2022-12-19T15:03:04Z
TLQitdKrUm8,@安あ-u9x,有媒體持續報導，看看能不能喚醒國人對交通議題的重視。,12,2022-12-19T14:51:34Z
H8WWIfCeWI0,@阿魯米S,重點政府為何在有斑馬線的道路沒有設置紅綠燈？,0,2025-06-07T08:35:56Z
H8WWIfCeWI0,@bbbb-n1m,這車  就比較誇張了<br>人家要過啊,0,2025-05-15T13:09:24Z
H8WWIfCeWI0,@kkjfffkk4118,支持民進黨推出重大惡意不讓行人者一律死刑,0,2025-04-17T09:22:23Z
H8WWIfCeWI0,@lolbeanspro03,台灣安全教育有意義嗎,0,2025-02-14T14:46:59Z
H8WWIfCeWI0,@游泰偉-k9s,手拿🧱轉頭，或是拿鋁棒⋯比較快,0,2025-01-20T23:14:56Z
H8WWIfCeWI0,@Takashiyuto,我還看過行人站在斑馬線不動的，少數的行人真的很白目，遇到我都先錄影看他站多久,0,2024-12-26T03:23:02Z
H8WWIfCeWI0,@入唯江,行人也沒有多好，機車行駛綠燈還給我過馬路，還屢勸不聽，行人還罵我三字經<br>～‘ ’～超級生氣的,0,2024-12-09T07:15:08Z
H8WWIfCeWI0,@楊玉隆-s9o,其實要過路行人只要（揮手示意）是最正確的。。。。，台灣政府的宣導根本就是造成事故死亡，大家知道為什么嗎，（因為根本不會正確而有效的）導向😢😢😢😢😢無言,1,2024-12-01T13:50:57Z
H8WWIfCeWI0,@簡國書-r8v,實在是太讚汽機車活該,0,2024-11-03T12:36:28Z
H8WWIfCeWI0,@georgeorwell1090,"幸好我活在香港, 這裏不讓斑馬線會被告危險駕駛",0,2024-10-30T09:42:47Z
H8WWIfCeWI0,@黃政仁-z8s,畫斑馬線不設號誌不是政府的問題嗎,0,2024-09-29T17:23:05Z
H8WWIfCeWI0,@mingdehuang4391,這樣玩最後棒球隊就出來了,0,2024-09-28T13:15:47Z
H8WWIfCeWI0,@袁淑智,行人沒有禮貌皮癢敢叭😔😔😔😔😔😔😔😔😔😔😔😔😔😠😠😠😠😠😠😠😠😠😠😠😠😠😠,0,2024-09-28T12:59:34Z
H8WWIfCeWI0,@ak3113317,台灣很多斑馬線都沒紅綠燈，過馬路基本上都靠運氣，車子行進中是很難看到遠遠又小小的行人，等看到的時候都離很近了，那撞到是算誰的？,0,2024-09-24T16:20:36Z
H8WWIfCeWI0,@gggfk777,想看下次晚上過馬路 去按阿爾法看看 馬上3-4個黑衣人下車處理😂 真的以為台灣很安全嗎,0,2024-09-24T04:18:45Z
H8WWIfCeWI0,@angelbaby4700,我都想買一支了,0,2024-09-17T23:50:52Z
H8WWIfCeWI0,@天堂m-n1n,紅綠燈打馬賽克幹嘛,0,2024-09-10T07:36:19Z
H8WWIfCeWI0,@lukadoncic7738,教育問題 看看日本的交通禮節都是從小教育到大的<br>台灣的觀念已經爛掉了,0,2024-08-25T01:55:10Z
H8WWIfCeWI0,@tc7857krtc,還好沒有遇到兇惡的人😂,0,2024-08-10T12:22:35Z
H8WWIfCeWI0,@gonnacoo8878,27秒禮讓行人2次　駕駛被檢舉「車道中暫停」挨罰2.4萬,0,2024-08-02T22:31:24Z
H8WWIfCeWI0,@王小橋,保險買好買滿，試撞合法碰瓷化,0,2024-07-27T07:51:24Z
H8WWIfCeWI0,@tw-rush,不讓有想過後面車的反應嗎？<br>明明都有那麼多台車還要硬走<br>果然真的是行人地獄==,0,2024-07-23T18:16:26Z
H8WWIfCeWI0,@貓-h4j,大聲公那個方法？,0,2024-07-12T14:23:34Z
H8WWIfCeWI0,@停停停-n9m,在車流量大處設有斑馬線卻沒有紅綠燈，只是看誰撞誰而已，不是車撞車就是車撞人<br>沒人知道會在本來斑馬線沒人的狀態下，是否突然有人要衝過去通過，造成車輛緊急煞車，導致連環撞呢？ <br>行人有優先路權沒錯，但若遇到這種道路設計發生事故責任又要歸咎於誰？,0,2024-06-25T18:52:19Z
H8WWIfCeWI0,@zeze-n7o,帝王條款,0,2024-06-25T04:40:32Z
H8WWIfCeWI0,@sayakataeyang5137,政府教育宣傳不足<br>另外是馬路上沒有足夠交通警<br>做不到阻嚇,0,2024-05-23T19:11:42Z
H8WWIfCeWI0,@alanxwalkers684,國外斑馬線有一籃子的磚頭🧱，當行人要過斑馬線時，，手拿一塊磚頭過馬路,0,2024-05-21T09:42:51Z
H8WWIfCeWI0,@yukino5349,1年過去了 現在是行車地獄,0,2024-05-16T08:12:44Z
H8WWIfCeWI0,@日野歐,多此一舉<br>無聊,0,2024-05-15T11:40:11Z
H8WWIfCeWI0,@kcw198,很落後這地方,0,2024-05-12T16:52:03Z
H8WWIfCeWI0,@yuifund,支持行人,0,2024-05-12T15:35:14Z
H8WWIfCeWI0,@samuellai4189,有紅綠燈的地方才設斑馬線會更合理一點,0,2024-05-11T00:31:49Z
H8WWIfCeWI0,@AshenOne-w7c,挑車流多的時候穿越？自殺行為嗎？,0,2024-05-05T21:13:17Z
H8WWIfCeWI0,@arkM2001,確實，需要這群勇者😊,0,2024-04-24T14:27:49Z
H8WWIfCeWI0,@JQQ0519,無號誌斑馬線本來就該減速，不禮讓的駕駛們駕照都是雞腿換的。,0,2024-04-20T14:59:10Z
H8WWIfCeWI0,@blacklittle1263,台灣一堆人開車沒長眼睛，只會聽行車記錄器說前面有測速照相才會減速，都不知道偶而要看一下時速表，開車到路口都不會減速，以為有路權就無敵了。特別是機車，不怕死的一堆。可能要好幾輩子才學的會。可憐哪,1,2024-04-20T07:46:56Z
H8WWIfCeWI0,@carychen9492,又不是在美國還是日本 我不懂在台灣駕駛為何要禮讓行人呢？,0,2024-04-12T18:46:15Z
H8WWIfCeWI0,@楊毛爸,台灣有很多假借正義之名去滿足自己的特權，常常看到去對那些強姦虐童案犯人義憤填膺，其實就是免費扁人，有次我在南部鄉道停等紅燈，聽到後面救護車在我車後約50-80公尺疾駛過來，我正準備觀察要怎麼讓，一台機車衝到我正後方長按喇叭十秒以上還一直叫我闖紅燈，先說我自己觀察我隔壁道空的，最後救護車也遠遠就切到我旁邊過了，重點機車又加速衝過救護車繼續狐假虎威，影片中人刻意在閃燈的斑馬線等待，一有車就衝出去對幹，其實也是沒事找事,0,2024-04-09T09:56:59Z
H8WWIfCeWI0,@yojaydo4477,让屁，行人绿灯再走有需要让吗,2,2024-04-04T23:30:45Z
H8WWIfCeWI0,@小胖熊-x9g,真的很無言⋯⋯,0,2024-03-29T06:33:07Z
H8WWIfCeWI0,@林建中-g7q,行人不願走天橋，就把馬路都高架了。,0,2024-03-12T11:11:01Z
H8WWIfCeWI0,@飛龍在天-c4y,不讓行人都以謀殺罪名起訴,0,2024-03-07T07:55:45Z
H8WWIfCeWI0,@吳坤憲-w2u,為什麼這種路口沒有設紅綠燈,0,2024-03-04T06:35:31Z
H8WWIfCeWI0,@kasa4074,這種人能繼續開車嗎? 車在這種人手上就是兇器,0,2024-03-03T15:57:07Z
H8WWIfCeWI0,@御天荒神六銖衣-m7r,法律只是好看的，自己的命自己去顧，為了處罰不良駕駛犧牲自己的生命我是覺得沒有那個價值就是了，不管死多少人台灣的交通還是一樣爛,0,2024-02-27T08:48:55Z
H8WWIfCeWI0,@方Tony,開車不讓路人撞到如同殺人未遂 在很多國家是重罪 台灣亂象,0,2024-01-23T09:54:31Z
H8WWIfCeWI0,@cieyk4158,😂   臺灣NO1,0,2024-01-20T09:38:35Z
H8WWIfCeWI0,@smchan8068,台灣就沒有交通警察發告票嗎？叫他們每日走幾次斑馬綫，應該可以靠發告票發達😂,0,2024-01-11T04:32:46Z
H8WWIfCeWI0,@gigiya1526,在汽車左後右後方會擋住看到行人的角度 並不是每個人都是千里眼 看了一下很多機車有些角度都看不到,0,2024-01-04T09:07:24Z
H8WWIfCeWI0,@show_will351,摩登大聖的喇叭 才是最猛的,0,2024-01-04T03:40:31Z
H8WWIfCeWI0,@where8113,每個路口裝監視器，不讓直接錄下來拔除駕照就好了，亂世用重典，你不遵守法律就該罰，全部重考駕照加強制道路教育講座,0,2023-12-26T20:38:08Z
H8WWIfCeWI0,@官好長-j7h,不過想紅 可憐,1,2023-12-26T01:31:40Z
H8WWIfCeWI0,@xp791120,阿不就斑馬線<br>沒裝紅綠燈的問題,0,2023-12-21T16:52:49Z
H8WWIfCeWI0,@謝0-x6m,按喇叭有啥用，一把紅色鐵鎚鐵皮也給我平等,0,2023-12-21T12:46:43Z
H8WWIfCeWI0,@歐有情,你們這些說過斑馬線是帝王條款的人，你們最好期待你們的家人朋友都不會有走斑馬線的機會！等到出事時再來哭么,1,2023-12-20T01:22:04Z
H8WWIfCeWI0,@janelin6404,"互相吧　,有些行人的心態也不是健康",0,2023-12-18T13:39:50Z
H8WWIfCeWI0,@youtube-username-placeholder,道路設計有問題，快速車道畫人行道但是沒有號誌？我是開車的也會嚇到,0,2023-12-17T08:52:44Z
H8WWIfCeWI0,@jokr1174,都敗類<br>政府也敗類,0,2023-12-15T21:23:30Z
H8WWIfCeWI0,@燦榮顏,忘八交長是非顛，乏策兩全皆走偏，胡亂作為惹民怨，無能怠惰攤眾前！,0,2023-12-14T23:30:49Z
H8WWIfCeWI0,@qyjacu78,行人自己，也不要矯情，還大搖大擺，慢慢走，真以為自己，是在皇帝出巡？😅,0,2023-12-14T22:47:39Z
H8WWIfCeWI0,@teko8617,學生不是就說你帝王嗎？風向轉超快😂,0,2023-12-14T06:29:04Z
H8WWIfCeWI0,@月影-q1k,就故意拍片賺流量檢舉告人根本不是正常的路人。<br>這人都故意找這種沒號誌兼車開過來的時機才要走過去測試沒抵制就算了還有無腦的蝦挺。,0,2023-12-12T23:10:36Z
H8WWIfCeWI0,@johnweng_music,前提是你行人是綠燈過馬路，雖然紅燈你過，車子也要讓，但若你拍這部片的每個片段都在紅燈的狀態下通行，你只是為了闖紅燈而闖紅燈而已,0,2023-12-05T05:45:10Z
H8WWIfCeWI0,@就拼這一次,是有創意啦！但萬一遇到一個狠的看到你叭本來想停的就把你撞下去了,0,2023-12-04T16:11:30Z
H8WWIfCeWI0,@林沐晨-y5k,像日本ㄧ樣加設按鈕，把限速在放慢一點吧！急煞發生追撞怎麼辦？這影片看來看去都是這些路段有問題，相同路段出現太多次了,0,2023-11-28T22:38:08Z
H8WWIfCeWI0,@螺旋手裏劍,應立法不禮讓行人、危險駕駛、酒(毒)駕車輛直接沒入銷毀,0,2023-11-27T03:48:48Z
H8WWIfCeWI0,@董立成-y8t,幹理讓行人 真是本末倒,0,2023-11-26T22:54:46Z
H8WWIfCeWI0,@林義-t7q,就是這些自以為正義<br>造成亂象,0,2023-11-26T07:47:28Z
H8WWIfCeWI0,@有意見會奉陪,政府不是很缺錢嗎？<br>用來給他執行下去，警力多派一些，罰單開多一些，如果還是不行，很簡單，就實行道路使用付費制，大家改用大眾運輸就沒那麼多鳥事了,2,2023-11-18T19:33:43Z
H8WWIfCeWI0,@user-pw6ct2fu1n,不知道為啥<br>想看他被撞<br><br>相信很多人有這個想法<br>這個人感覺很想搞事而已,0,2023-11-14T06:33:51Z
H8WWIfCeWI0,@shewelun520ify,小心被開槍,0,2023-11-05T17:45:35Z
H8WWIfCeWI0,@林佳駿-g3f,有斑馬線沒紅綠燈 這什麼安全措施,0,2023-11-05T02:17:22Z
H8WWIfCeWI0,@邊荷律最可愛,檢舉那些駕駛,1,2023-10-26T08:42:34Z
H8WWIfCeWI0,@Id-fn5sy,不可取，你這是故意而為，不是真的要過馬路，只會讓人更不爽,0,2023-10-22T07:30:07Z
H8WWIfCeWI0,@基生林,斑馬線 沒有紅綠燈嗎 ?  造成雙方誤解  .. 該死  權責單位 沒去責怪   錢用去哪裡  紅綠燈設施 有沒有問題  造成誤判   雙方依號誌綠燈而行  沖突 點 在哪   .. 瞎起哄 就能排除問題嗎   更何況是 媒體 ....    人這樣走  車子還以為  遇到 碰磁黨 ..   無言  ..  那怎樣解決問題   簡單  轉彎處 30 公尺 不得設立斑馬線   意思 就是 轉彎處 延後30公尺 設斑馬線  多一段緩衝點位置  增加車流量大時疏通流量方式  與 排除 左右轉彎立即性/隱蔽性視線死角 車與人往前衝逛馬路等   ...  不  影片  那是直線馬路  的 斑馬線   ㄍ 那就真有問題   問題肯定 出在 交通號誌   才造成 衝突誤解,2,2023-10-15T08:27:58Z
H8WWIfCeWI0,@zerochen3707,"政府道路設計不良時<br>~罰人民~<br><br>為啥要讓30％的票<br>決定70％的命運<br><br>生活苦悶,換政府解悶",1,2023-10-15T05:56:06Z
H8WWIfCeWI0,@wudonyi8876,再搞阿<br><br>希望你們都中招<br><br>一張6000,0,2023-10-02T11:51:37Z
H8WWIfCeWI0,@gokartf1,試試看卡車,1,2023-09-30T13:52:36Z
H8WWIfCeWI0,@SoNy-ch1cq,應該帶把傘平<br>舉穿越，充當指揮棒些試試再沒車停就太離譜了,0,2023-09-26T09:53:41Z
H8WWIfCeWI0,@慶爺-t1j,台灣的低能規劃造就路上一堆反目成仇的事,1,2023-09-15T08:51:49Z
H8WWIfCeWI0,@林阿農-v9p,不讓行人的就是錢太多  要多多繳國庫就知道了  嘿嘿嘿,2,2023-09-09T13:48:54Z
H8WWIfCeWI0,@南溟子-g1j,大陆的车子大多数是会让行人的,0,2023-09-06T11:31:37Z
H8WWIfCeWI0,@隨意走走,馬路設計也是有問題。😅😅,1,2023-08-28T12:09:15Z
H8WWIfCeWI0,@jasperlin0227,法律訂了作用不大，臺灣交通問題根本就是人民素質問題。,0,2023-08-20T03:55:47Z
H8WWIfCeWI0,@daretobefree,太棒了 支持全民帶喇叭過馬路👍,0,2023-08-18T10:40:51Z
H8WWIfCeWI0,@YCC-yp1qx,哪天被打我也不意外,1,2023-08-08T16:32:29Z
H8WWIfCeWI0,@user-DAF567,科技執法裝好裝滿,0,2023-08-08T13:19:46Z
H8WWIfCeWI0,@davidsun8151,世界太平，沒事找事,2,2023-08-04T10:16:54Z
H8WWIfCeWI0,@陳頤崙,趁熱度未散作秀有流量吧！我賭他不會一直按下去……一時的正義哥😂😂😂,2,2023-08-03T15:13:53Z
H8WWIfCeWI0,@陳天飽,太生氣？無法忍受？那就不要走路啊⋯⋯很困難？帝王條款？你正義！請問一下噢其他行人守規矩？你一個代表全部？,1,2023-08-02T04:27:41Z
H8WWIfCeWI0,@xpxp0622,這個人走路可以再慢一點（正義魔人止步，單純呈述事實）,0,2023-07-28T05:35:27Z
H8WWIfCeWI0,@勇証陳,真棒，你要反應政府在這邊安置紅綠交通號誌，不是那邊按喇叭,0,2023-07-22T03:52:35Z
H8WWIfCeWI0,@阿全-c4v,這樣行人誇張了太吵見到8+9會怎樣,1,2023-07-19T06:08:27Z
H8WWIfCeWI0,@kingwu9498,趕在大客車砂石車面前這樣做我給敢拍拍手👏！,0,2023-07-18T03:40:10Z
H8WWIfCeWI0,@鄭-q5d,沒紅燈讓什麼阿如果車子來還途然出來踩急煞這會比叫安全嗎？台灣真的是病了,0,2023-07-17T23:09:02Z
H8WWIfCeWI0,@wewen1950,是不會走天橋，設斑馬線也要設紅綠燈,0,2023-07-16T10:08:10Z
H8WWIfCeWI0,@陳琮陞,腦殘官員,0,2023-07-14T04:10:25Z
H8WWIfCeWI0,@李清清-o2v,下次沒開車. 也來捍衛一下.大家一起來捍衛,0,2023-07-12T12:25:50Z
H8WWIfCeWI0,@JY-ob7br,"台灣會亂 , 就是因為有霉體 , 在一旁助紂為孽 !",0,2023-07-11T13:02:15Z
H8WWIfCeWI0,@十六夜-e7u,強列建議大家不要再守法了 以暴制暴吧 法律只保護特權跟壞人 這種法何必守?,0,2023-07-08T05:15:57Z
l56zOTnUFdw,@user-xz4vv5dk8s,增加路口見警率，是可以改善各種交通亂象的,0,2025-06-06T06:36:39Z
l56zOTnUFdw,@豬不知斑馬線行人優先,交通法規都不清楚的智障用路人，低薪也是應該的,0,2025-06-05T17:23:30Z
l56zOTnUFdw,@安然-w2q,好諷刺的兩年後😢,1,2025-05-24T00:05:33Z
l56zOTnUFdw,@THC-u9y,把現有腳痛部從根廢掉交通就會至少進步50%左右...,1,2025-04-28T06:35:30Z
l56zOTnUFdw,@ting3500,不要亂改。不如不改  汽車停車格  請退出車道    馬路是馬路 停車場是停車場不要混在一起,0,2025-03-18T04:05:20Z
l56zOTnUFdw,@義忠高-x7m,道路設施本來就是先為車輛行駛與停車而設計的啊！,0,2025-03-14T00:23:39Z
l56zOTnUFdw,@義忠高-x7m,再說一次，在台灣開車騎車愈趨困難了。,0,2025-03-14T00:21:34Z
l56zOTnUFdw,@李易聯,撞人的魯莽，被撞的輕忽，是人自己的不適應道路問題；行人地獄是〝居心叵測〞的誇大其詞。,0,2025-03-01T00:43:50Z
l56zOTnUFdw,@skywing-hot-00,轉彎車通行時間不應該跟直行行人的通行時間重疊？這真的是沒道理？,0,2025-01-30T02:33:17Z
l56zOTnUFdw,@JY-ob7br,"先給公視P<a href=""http://www.youtube.com/results?search_query=%23%E6%96%B0%E8%81%9E%E5%AF%A6%E9%A9%97%E5%AE%A4%E6%95%A2%E9%80%86%E9%BE%8D%E9%B1%97"">#新聞實驗室敢逆龍鱗</a> , 按個讚再說 !<br>&quot;帝王行人&quot;是誰造成的？不正是自霉體，往綠及霉體。<br>這正腐想從百姓口袋搶錢<br>先利用自霉體，往綠挑起“行人地獄”<br>再加上霉體的推波助瀾下<br>順理成章的從嚴解釋法條，提高罰金！<br>但對交通規劃及建設，卻完全沒有<br>台灣這些霉體，自霉體，往綠卻完全噤若寒蟬！",0,2025-01-23T10:49:10Z
l56zOTnUFdw,@陳建宏-t8o,我們台灣要改善這個問題，就是要控制汽機車數量，尤其是機車，這是外國比較少的交通工具，就能大大減少車禍，也能做到禮讓行人,0,2024-12-22T07:39:24Z
l56zOTnUFdw,@davidsu1004,賣機車有權利，道路太狹窄,0,2024-12-18T07:44:25Z
l56zOTnUFdw,@davidsu1004,拼命賣機車，不管道路容量,0,2024-12-18T07:43:35Z
l56zOTnUFdw,@davidsu1004,機車大軍，非常可怕，從三重新莊過中興橋進入內江街,0,2024-12-18T07:42:41Z
l56zOTnUFdw,@davidsu1004,台北市康定路貴陽街路口，經常闖黃燈，騎超快不怕撞到行人,0,2024-12-18T07:40:49Z
l56zOTnUFdw,@davidsu1004,機車殺害行人，經常闖黃燈，紅燈。,0,2024-12-18T07:39:24Z
l56zOTnUFdw,@davidsu1004,台灣是個危險的地方，行人，老人小孩子的地獄。,0,2024-12-18T07:38:29Z
l56zOTnUFdw,@tzulung7,大多數地方政府都是國民黨地方派系掌控，炒地皮是他們執政的目的，交通？是哪些人民投票給他們的？,0,2024-12-02T14:04:04Z
l56zOTnUFdw,@yuchz9718,最近立院在吵“廢死”，廢死是急症，但交通問題是跟了我們半輩子的慢性病，使台灣形象彆彆扭扭，還是要一點一點救起來，不能放著不管。,0,2024-11-05T20:36:18Z
l56zOTnUFdw,@87235TC,擺脫「行人地獄」惡名，第一步就是先拿亡國才祭旗然後讓交通部與公路局滾蛋，專業事還給專業人,0,2024-10-27T12:43:57Z
l56zOTnUFdw,@luchaonan,我覺得應參考台北市吉林路的規劃，這是我在北台灣市區看到的最好的,0,2024-10-24T10:01:21Z
l56zOTnUFdw,@VincentHsu-po4oo,把機車先禁掉吧，每個先進國家都是限制機車成長，路上很難看到一部，結果台灣全民運動，全民都在騎，禁掉？！根本不可能。人行道？早期國民黨都市計畫沒做好，現在要改，來不及了。,0,2024-10-22T06:46:57Z
l56zOTnUFdw,@1688,台灣各政黨已經沒有人才了，都靠一張嘴在治國，人民也很無奈，不知要投給誰😅馬以後我就沒投過票了，浪費我的時間😢,0,2024-09-29T19:36:00Z
l56zOTnUFdw,@王俊元-t4d,基本上沒救了，人民、政府、制度這三角，沒有一個能願意改,0,2024-09-27T18:20:31Z
l56zOTnUFdw,@Bill-koz,昨天9月23日又發生台中公車撞死斑馬線上東海女大學生....,0,2024-09-24T03:23:47Z
l56zOTnUFdw,@姜品妡-c5z,需改善的是民眾素質<br>隨意停車<br>住家車不僅要免費停路邊還要長期佔用<br>方便最大<br>我做生意<br>商品跟生財工具最重要,0,2024-08-24T19:36:20Z
l56zOTnUFdw,@Rick-gl8bq,「沒有安全感 不要談幸福感」說的真的太好了，身為平民百姓，能做的實為有限，但是做好防衛姓駕駛以及關注道路安全改革議題卻是可以做到的，保護自己保護他人的同時，也用一份力推動台灣交通的進步，希望能有越來越多人能做到。近年來可以感受到用路人的安全觀念有漸漸變好，但政府做的還是太少，民代應該更大力督促(這當然得看民代本身安全駕駛的素質)。如果能讓所有人在考照時能先有觀念，提升全民的交通安全意識，相信從政府部門到民代再到民眾，都會有更好的觀念，在這樣的前提下去對道路設計以及交通法規做修改，才會更順利，以上小小心得。,0,2024-08-14T06:36:48Z
l56zOTnUFdw,@AliceLin-s5l,我覺得還有公車沒有專用道路的問題，常常看他們在最內側及最外側之間切換，有夠危險!,0,2024-08-09T05:14:47Z
l56zOTnUFdw,@陳隆-p5j,交通官員不用心!!!台灣恥辱!!,0,2024-07-31T00:25:22Z
l56zOTnUFdw,@mingfulin8522,規劃交通人行道，取締商家佔用騎樓紅磚行人道亂象，是中央還是地方政府的責任，大家想一想？,0,2024-07-08T08:45:14Z
l56zOTnUFdw,@張凱-b2z,我支持建設立體人行道 騎樓應該要淨空,0,2024-06-30T16:11:02Z
l56zOTnUFdw,@梅蘭陳-t1f,台灣道路之混亂媲美孟加拉和埃及<br>其實爭贏那幾秒的時間有比較厲害嗎？但有時候卻一秒的失誤造成終身遺憾<br>醒醒吧台灣人,0,2024-05-11T10:50:57Z
l56zOTnUFdw,@teckloonzhang2665,要如何解决问题？其实非常简单，先解决政府的「心」就能解决交通问题和人民有其屋。一「心」为民还是一「心」为自己,0,2024-05-10T14:35:29Z
l56zOTnUFdw,@哭阿-k2s,"微罪不記點<a href=""UCkszU2WH9gy1mb0dV-11UJg/KsIfY6LzFoLM6AKanYDQAg""></a><a href=""UCkszU2WH9gy1mb0dV-11UJg/KsIfY6LzFoLM6AKanYDQAg""></a><a href=""UCkszU2WH9gy1mb0dV-11UJg/KsIfY6LzFoLM6AKanYDQAg""></a> 各位行人自己努力阿",1,2024-03-31T02:13:11Z
l56zOTnUFdw,@ultrainstinct2539,全面禁止機車臺灣才會進步,0,2024-03-30T11:26:23Z
l56zOTnUFdw,@戴和聖,廣設簡易，H型人行天橋，人車分道問題就解決了,0,2024-02-12T00:42:51Z
l56zOTnUFdw,@MartinEstherAndre,神奇的交通部長說建設不是最重要的，難怪台灣的交通環境慘成這樣，完全沒專業的人也能上去當交通部長。,1,2024-01-25T02:28:29Z
l56zOTnUFdw,@吳柏湘,講白點 <br>只要能讓台灣上國際檯面<br>執政黨做事馬上飛起來<br><br>不過 行人蓄意違規應當同時加重處罰才是,2,2024-01-18T10:51:08Z
l56zOTnUFdw,@陳先生-y8f,明明人車號誌分開，路口就順暢，硬要人車共用號誌？想不懂，若人少路口可設置按鈕，大約20秒變換號誌供行人通行,0,2024-01-08T02:07:41Z
l56zOTnUFdw,@張宸瑞-l6d,謝謝交通部，現在讓違停更加猖獗了，行人自己好自為之,1,2023-12-23T06:37:36Z
l56zOTnUFdw,@rossiwei1334,"臉上沒貼車牌，就算抓到也才幾百塊<br>這就是政府規範的法令，要怪就去怪全民選出來的立委吧!<br>行人就是帝王，怎樣!?爽爽的，超派!!",0,2023-12-06T21:01:58Z
l56zOTnUFdw,@一頁書-l7h,區域規劃<br>住宅是住宅<br>商業是商業<br>不要通通搞在一起<br>每個靠路的房子<br>通通是店面,1,2023-11-01T08:39:43Z
l56zOTnUFdw,@zerochen3707,"政府道路規劃有問題，政府也不會想要改善，因為什麼都不做還有罰款可以賺、檢舉魔人也會挺，何必花錢改善交通道路<br><br>用選票下架冥禁黨",2,2023-10-20T04:53:52Z
l56zOTnUFdw,@張景皓-t6d,警察其實也是交通亂源，超多警察根本沒辦法分辨路權，對於交通法規根本不懂，開罰單的標準很多也是依照員警的個人主觀判定，每個縣市警察對於交通執法的標準和嚴格程度天差地遠，台北市是歐洲化，新北市以南是非洲化，在不同的縣市宛如不同國家的執法機構，可笑至極。甚至連交通事故處理，不同員警還會有不同的流程，問他為什麼沒有照規矩跟流程處理，還敢大言不慚地跟你說，沒有流程那種東西，報案民眾沒有要求照車禍處理就不用畫線，不用做車禍紀錄，不用看行照. 駕照也不用酒測。台灣很多員警根本就沒有法治精神，都不依法行政，警察胸口的執法紀錄永遠不用公布未剪接的完整版，流程跟程序很多警察都是隨隨便便，反正也不用公布執法紀錄內容，才敢跟你說一些根本不存在或警察自創的規矩，民眾還要自己去求證才會知道警察到底有沒有在說謊。台灣違停跟違規無罪化的一大原因，也根本都是警察隨便想執法就執法，全國沒有一個統一的標準每個警察都遵照標準貫徹執行，導致許多人收到交通罰單根本不覺得自己有錯，心理只會覺得不公平，許多台灣人會藐視交通法規，在於人民沒辦法清楚了解警察的執法標準和是否真的是要貫徹落實交通法規，不容許僥倖心態; 簡單來講就是人民對於警察的交通執法有極大的不信任。稍微有法治觀念的外國人來台灣，看到警察這種荒腔走板的交通執法內容，台灣的警察們，你們還真的不怕被笑喔?,0,2023-10-10T19:37:05Z
l56zOTnUFdw,@青春小時蛙-i5p,行人也不讓車啊小綠人根本沒有在看嗎？紅綠燈也沒在看啊。,0,2023-10-08T23:57:53Z
l56zOTnUFdw,@jansenry,"<a href=""https://www.youtube.com/watch?v=l56zOTnUFdw&amp;t=262"">4:22</a> 的機車 🤨",0,2023-10-05T17:45:26Z
l56zOTnUFdw,@林沅沅-p3l,😂😂😂他们的license 到底怎么来的。。。😅要重新考即比较好。。,0,2023-09-21T15:53:26Z
l56zOTnUFdw,@starrysky-0828,阿那個綠色人行道根本畫來應付用的，車子停在上面擋路讓行人生命威脅上升，只能走在車道，也沒看到相關單位去執法💩,0,2023-09-11T10:46:26Z
l56zOTnUFdw,@starrysky-0828,真的不懂斑馬線為什麼要畫在轉彎處，還有人行道放一堆不屬於人行道應該出現的變電箱、樹木花草、桿子，莫名其妙🙄，哪個啟智狗官規劃的,0,2023-09-11T10:44:24Z
l56zOTnUFdw,@george_micough,這些都滿滿的中華冥國價值，隨便當方便還無極限，先推翻中華冥國吧！,0,2023-09-10T01:17:54Z
l56zOTnUFdw,@seeker1225,行人地獄？不是還有很多外國人喜歡住在台灣，可見這地獄之說是誇大之詞。因為外國人說是地獄，政府就搞出個極端禮讓行人的措施，一直讓行人，那機車汽車還能右轉嗎？馬路是人車共享的，不能一面倒的完全讓行人優先使用，應該人車各占一半時間或人車分流，連這點見識都沒，這還算什麼有能政府？主其事的也可以下台了。,0,2023-09-09T13:34:29Z
l56zOTnUFdw,@thunderpighsieh3049,還有別忘了自行車.那是種原本應該很安全又環保.結果在台灣變成很危險又不實用的交通工具..,0,2023-09-07T15:26:33Z
l56zOTnUFdw,@ppt9906,路霸超多,0,2023-08-27T00:50:05Z
l56zOTnUFdw,@daretobefree,人行道？機車停車道吧！,0,2023-08-25T03:19:21Z
l56zOTnUFdw,@y11971alex,這就是一個公德心不足的問題，不要複雜化。人車路權平等，除非特別禁止行人用路，車就是要讓人合理的使用道路，即是用走路的速度開車也要做到，不要等政府開設人行道才能伸張路權。另外，「沒看到」不一定是合理的藉口，因為汽車殺傷力強大，駕駛有責任看到，若不能看到就不應該貿然前進，要慢速前進到能看到的位子，這麼基本的責任觀也能和稀泥；是要「看到安全」才能開車，不是「沒看到不安全」開車。這又是一種公德心的不足。,0,2023-08-24T05:16:50Z
l56zOTnUFdw,@andrewli5276,都市規劃也會影響～真的需要好好改革了，這不正常😢,0,2023-08-24T00:50:17Z
l56zOTnUFdw,@flash1108,首先斑馬線應該改變設置位置，不應該把斑馬線設置在路口，改在該段道路的中間，這樣車輛轉入該段道路後有充裕時間觀察斑馬線上的行人，也不會停在路口等待行人而擋到直行車動線,0,2023-08-23T22:38:47Z
l56zOTnUFdw,@huangmarvin3170,所以要被外媒報導為行人地獄才要改善，可以這很台灣,0,2023-08-18T09:40:43Z
l56zOTnUFdw,@辜靖恒,有點誇張？那印度的交通怎麼辨？台灣真的很安全了。,0,2023-07-20T23:00:58Z
l56zOTnUFdw,@李正山-b3e,中大型十字路口的斑馬線，全面取消，十字路口的斑馬線往外放射線20~30公尺擴張，以緩衝汽車綠燈後的右轉回堵，也能保障機車族雨天右轉時滑胎摔車的風險(十字路口沒有斑馬線了),0,2023-07-18T23:43:49Z
l56zOTnUFdw,@s8952062,單純過馬路用的天橋已經過時了<br>香港比我們擁擠多了<br>人家現在就有辦法維持得很好<br>廣設天橋道路系統<br>人車分流,0,2023-07-17T13:39:06Z
l56zOTnUFdw,@古楓-h1v,"這都沒用政府都充耳不聞,只會提高罰則賺錢第一,怎麼可能會花心思去規劃又花錢去改善,綠媒新聞再多報一點行人受傷,在提高罰則加扣點加拘禁.",0,2023-07-16T04:24:45Z
l56zOTnUFdw,@user-el6tb7ee9v,總的來說，就是台灣劣等生物太多，不管行人還是駕駛，違法一律判死刑，自私、不守法的人少了，環境就可以乾淨很多,0,2023-07-13T14:23:53Z
l56zOTnUFdw,@ak06182007,結論還是政府的錯，而政府的做法就是提高罰鍰、加深行人與駕駛的對立<br>最該負責任及處理的反而漠視自身問題,1,2023-07-10T07:34:41Z
l56zOTnUFdw,@chan-wq1kx,說的是路上行人難走 走在路邊很危險 結果卻是修法路口禮讓行人,0,2023-07-09T10:15:42Z
l56zOTnUFdw,@得得-v5d,交通3E，交通工程是3E的基礎。,0,2023-07-09T08:01:02Z
l56zOTnUFdw,@主辦單位-e9u,光是人行道上有種樹跟變電箱或是其他障礙物就是一絕!!!<br>一直嫌道路不夠寬，車不夠過，車道越做越大，結果一堆違停<br>明明就是人行道要是最寬的，有殺傷力的汽車應該是最後路權<br>然後還扯到風水???你叫一尊神明來過馬路我看看，(不要笑，不要笑)，用點腦好不好，一句話塞回去啊，你家人小孩也會過這個路口，你跟我看風水?,0,2023-07-06T01:36:30Z
l56zOTnUFdw,@kidliao7902,結果還沒改善道路工程，先增加罰單費用外加記點扣牌。😮‍💨😮‍💨😮‍💨,0,2023-06-29T16:24:28Z
l56zOTnUFdw,@老J-d8z,笑死....光是鬼島這兩個字的印象都無法改變了的，還肖想擺脫行人地獄的惡名喔..台灣人還有的學習跟改變勒,0,2023-06-28T00:05:14Z
l56zOTnUFdw,@1793xman,目前我覺得短期對策，在等改善設計之前，還是得加超重罰則!!管你是誤判還是怎樣只要是被檢舉，總之上路讓你會怕重罰，就會小心!!就跟當年安全帽施行一樣沒帶就罰500!!禮讓行人開放大家踴躍檢舉，先重罰!!直到有尊重人的意識與觀念為止~~~~,0,2023-06-25T16:59:54Z
l56zOTnUFdw,@shihyu0915,都市計畫的時候，政府有做到道路規劃嗎?沒有，人車分流簡直笑話拿人命開玩笑，明知道這路段是商店街一定會有停車需求，卻沒規劃停車場或是停車的地方，導致違停車輛占用用路人的車道行妨礙駕駛，跟行人的通行，最後把責任全部怪在駕駛身上，無恥,0,2023-06-19T01:49:37Z
l56zOTnUFdw,@shihyu0915,道路在規畫的時候政府不先考慮，等到房子蓋下去的時候才來檢討，處罰駕駛不禮讓行人開罰，簡直莫名其妙本末倒置,0,2023-06-19T01:40:48Z
l56zOTnUFdw,@shihyu0915,人行道85公分算窄嗎?機車考照的車道寬度是多少?比85公分寬?機車都可以過行人為何不能過?要多寬?,0,2023-06-19T01:39:31Z
l56zOTnUFdw,@鄧運霖,哈! 再好的設計都無法避免馬路三寶的撞人手段。,0,2023-06-18T21:49:09Z
l56zOTnUFdw,@ALee-bt1zw,I hope the Taiwan Government and officials are watching this vlog.,0,2023-06-14T06:59:07Z
l56zOTnUFdw,@shadowj3311,这是台湾一个永远解不开的死结，由上至下没有人愿意承认有问题又如何解决问题？ 一天到晚的喊台湾世界第一还有须要改变的东西吗？柯屁台北执政八年不是人人说他把台北做的很好可以当总统，一个市都改变不了能改变整个台湾岛吗？先调整好心态才来谈各种问题。,0,2023-06-13T13:26:12Z
l56zOTnUFdw,@我只有10元,貼心提醒！<br>汽車綠燈超越停止線禮讓行人時<br>如果交通號誌轉為紅燈<br>會被後車檢舉超越停止線<br>禮讓行人還替國庫增加收入超棒,0,2023-06-11T05:43:47Z
l56zOTnUFdw,@wujinyi2001,不是只有行人地獄<br>開車也是很地獄阿<br>整個ˊ問題出在源頭<br>駕照考照  法規    路面號誌標線都是問題啊,0,2023-06-11T02:00:20Z
l56zOTnUFdw,@ZGERNO,"覺得設計問題小,心態問題才是大<br>行人:沒車,快衝快衝 斑馬線好幾公尺遠呢,直接穿越就好 手機真好看<br>駕駛:沒有三位數(時速)我可是不開的喔 前面的不讓行人過A,我跟著過就好啦 ㄍㄋㄇ斑馬線的走快一點啦操! 好忙好忙!別擋我的路! 摩西降臨,車子行人都為我而閃,衝鴨~",0,2023-06-09T10:50:05Z
l56zOTnUFdw,@IAN9242,自私商家,0,2023-06-07T10:12:45Z
l56zOTnUFdw,@JUMPERMANFLY,針對駕照考取一定要特別嚴格，要不然道路設計再好，路標再清楚，駕駛人都不看也是完全沒有用的......,0,2023-06-05T07:08:28Z
l56zOTnUFdw,@frankchen6160,出國考察，滿腦子想著如何走私菸，不然就是當成畢業旅行，這些官員都應該以貪污罪起訴,0,2023-06-05T02:10:30Z
l56zOTnUFdw,@Alberwang-p7s,與其改善交通設施或修法，還不如改善所有用路人的素質！今天大家想一想我們有日本的法規，跟道路就會沒問題嗎？並不會台灣交通最大問題就是（人）！缺乏同理心只貪圖自己方便！,0,2023-06-03T20:46:06Z
l56zOTnUFdw,@superyngo,先解決交通部官員沒有腦的問題吧,0,2023-06-03T19:53:36Z
l56zOTnUFdw,@天線寶寶-x4e,台灣行人地獄是確實感覺到的，上次來6天，三天台南，三天台中，遇到4次差點被撞到，一次機車鏡子真的撞到我<br>馬路基本不過去，巴士又要等超級久時間，導致我們大部分時間都走路的（那時候只是幾個學生過來玩，怕租計程車不安全）<br>我才來6天就這種狀況，想象不到平時沒有機車的人，是怎麼走路的，<br>說實話，真不敢來了,0,2023-06-03T09:22:15Z
l56zOTnUFdw,@carychen9492,需要改的是台灣人的腦袋,0,2023-06-02T20:05:54Z
l56zOTnUFdw,@馬鹿軍曹,下架民進黨，拯救行人,0,2023-06-02T07:50:35Z
l56zOTnUFdw,@語語到處拍拍,上次在2014左右某個鎮鎮長全國最大的鎮 宣導人行道不要亂放盆栽等雜物 或是 停機車和車 被罵翻了…… 現在一樣亂…,0,2023-05-31T03:38:02Z
l56zOTnUFdw,@darksunwu3805,花400億啊！ 然後沒改善.,0,2023-05-30T01:48:12Z
l56zOTnUFdw,@chungkuochiang3859,時間溝通是藉口嗎？,0,2023-05-28T23:17:30Z
l56zOTnUFdw,@benchwu,請公視這個議題能持續追蹤報導下去，台灣這個問題實在需要大刀闊斧的改革,1,2023-05-28T17:02:28Z
l56zOTnUFdw,@西小瓦-e1m,謝謝！,1,2023-05-27T07:06:36Z
l56zOTnUFdw,@justin19820920u2,側翼、8+9、猴子們表示不喜歡這支影片,0,2023-05-26T15:09:32Z
l56zOTnUFdw,@機哩瓜啦-g8w,要改很快，就看政府要不要推動  <br>交通意外每年都很高<br>每年出國考察，也不知道考察什麼,0,2023-05-26T13:00:16Z
l56zOTnUFdw,@Kent_Tsai,道路本身就有問題，最扯的事!左右轉車輛居然跟行人斑馬線同時進行，不知道A柱會擋住嗎？,1,2023-05-26T06:58:43Z
l56zOTnUFdw,@jimlin1168,"學學一些國家搞個 社區walking scores ， waking score會影響地方政府KPI, 房價及學區，就有人會跳進來處理…..",0,2023-05-26T03:39:39Z
l56zOTnUFdw,@lu5382,87  路就這麼寬 切尼瑪呢切,1,2023-05-26T01:55:23Z
l56zOTnUFdw,@TaroRo-m1l,台湾，越南，泰国这些地方，开车不要命，都是撞死你不偿命的那种,0,2023-05-24T12:34:26Z
l56zOTnUFdw,@chingshiuanchang5614,台灣不是只有行人地獄，更是交通地獄，機車是顧慮看來沒有在政府的考量，機車也是交通事故的受害者之一，內車道還是一樣禁行機車，機車可以行走的空間一直被壓在外側,1,2023-05-23T17:04:07Z
l56zOTnUFdw,@Xhfnsbdjfbsjf,光是騎樓不能做生意，台灣就能罰多少罰單！,1,2023-05-23T12:50:40Z
QT7lzdT_6YE,@Jay-hb2xf,去玩韓國 看看新加坡 台灣道路規劃 真的是第三世界<br>或許應該把交通部管理交通和規劃的職責轉移給內政部 交通部負責其他業務即可,0,2025-06-08T02:36:13Z
QT7lzdT_6YE,@ckGohhelen,Welcome to Singapore 👍<br>博主應該到組屋區看看。那裡就有設 &#39;凸高&#39; HUMP 。尤其學校和一些窄小的路段。<br>路邊的 &#39;英式折線&#39; 主要是不能停車輛。,0,2025-06-08T01:44:41Z
QT7lzdT_6YE,@mhf1979,朋友 如果是新加坡的車牌 是FAA XXXX E（機車） SAA XXXX A（汽車） 那輛是馬來西亞的機車,0,2025-06-07T20:25:23Z
QT7lzdT_6YE,@Lienzhuang0707,歡迎移民新加坡，謝喜台 不喜離<br>（反串要註明,0,2025-06-07T07:00:15Z
QT7lzdT_6YE,@v19851025,很棒的分享❤,0,2025-06-07T04:37:31Z
QT7lzdT_6YE,@AlvynLino,That’s a Malaysia JB Motorbike license plate.,1,2025-06-07T03:07:50Z
QT7lzdT_6YE,@Thomas_Tan4577,"<a href=""https://www.youtube.com/watch?v=QT7lzdT_6YE&amp;t=713"">11:53</a> 这是马来西亚车",0,2025-06-07T02:48:55Z
QT7lzdT_6YE,@davidhoryewtat5891,Thanks for sharing ❤,0,2025-06-07T02:35:32Z
QT7lzdT_6YE,@jim66600,"<a href=""https://www.youtube.com/watch?v=QT7lzdT_6YE&amp;t=890"">14:50</a> 有看到這位電動輪椅的阿北嗎？即使再好的設計卻缺少這種會看來車的用路人都是白搭，不管行車或行人 設計都只是輔助而已 應提升人民素質才是😂",0,2025-06-07T01:45:54Z
QT7lzdT_6YE,@Mikeylearn2rock,你手机在新加坡被抢吗？有点不可能哦。,0,2025-06-07T01:08:23Z
QT7lzdT_6YE,@jiranma,线线线钱钱钱 🤭,0,2025-06-06T21:17:07Z
QT7lzdT_6YE,@gengge19870404,我自己去了新加坡兩次<br>看了他們的交通建設<br>真心感覺台灣很丟臉,0,2025-06-06T14:31:26Z
QT7lzdT_6YE,@jinschang2940,你的影片太實際了，不適用於台灣，台灣的考察是走度假風的,0,2025-06-06T03:00:37Z
QT7lzdT_6YE,@timijk,規劃很重要 重罰更重要 (刑事 加 民事)<br>在歐美日星  撞傷行人 會讓你賠到傾家蕩產,0,2025-06-06T01:08:20Z
QT7lzdT_6YE,@lazypig22,觉得你很聪明，完全是对的.我们驾驶考试也需要知道的知识，减速，不同地线代表不同的东西,0,2025-06-05T16:09:31Z
QT7lzdT_6YE,@HaixiongJiang-y3m,Single zig zag line dictates no parking at all times. Has nothing to do with speed reduction.,0,2025-06-05T14:25:24Z
QT7lzdT_6YE,@飛火米,我超愛新加坡!謝謝您的分享!這些我以前都不知道!🥰,0,2025-06-05T13:52:17Z
QT7lzdT_6YE,@賴柏穎-b5e,我還有發現有號誌跟無號誌行穿線標線不同，只有無號誌是用枕木紋，澳門也是有這樣區分,0,2025-06-05T13:05:05Z
QT7lzdT_6YE,@look_1994,每次看這類影片都會覺得<br>這類型只有重視交通的才會看<br>最需要看的卻不是TA<br>不知道火哥對這事情會不會有無力感,0,2025-06-05T10:15:11Z
QT7lzdT_6YE,@建爸,"將路邊汽/機車停車位,遂步移除,(車輛停至路外停車場),道路通行空間會加大許多,視野會變得更好;另外減速丘/減速墊是一個非常好用的東西,台灣用的很少,不知為何.",0,2025-06-05T09:50:44Z
QT7lzdT_6YE,@rachelgoh6156,"Hi, 欢迎来到新加坡 (小红点)。<br>谢谢你分享这个视频和你的观点。<br>(bus priority scheme)<br>LTA 陆路交通管理局也有公交优先计划。该方案为公交车在道路上提供优先通行，以便让上班或上学的公交乘客不会迟到，确保更快捷和顺畅的旅程。<br>(Green Man Plus scheme)<br>一张优待卡可以帮助老年公民不急于过马路。他们只需将卡片轻轻一碰交通信号灯杆上的读卡器。这个行动为他们提供了额外时间安全过马路。",0,2025-06-05T09:48:20Z
QT7lzdT_6YE,@yuanxiaolin3190,我是新加坡人<br>让巴士现在是强制执行的<br>以前不是 （不过很少人让所有换去强制让）<br> 还有 有时 晴红灯柱子上也会有 更小的 晴红灯 方便第一辆车 看,0,2025-06-05T09:47:42Z
QT7lzdT_6YE,@Hing.Dickson,新加坡礼让非常高，比大陆和台湾好太多咯，看看大陆没人性化的驾驶，在 YouTube看的清清楚楚❗😡😡👎👎👎台湾车辆乱七八糟👎👎,0,2025-06-05T09:27:28Z
QT7lzdT_6YE,@user-t6pf,台灣的交通部該請你當顧問？瞎😂,1,2025-06-05T09:04:06Z
QT7lzdT_6YE,@dennishu5009,视频有看到台湾很多摩托车，行人会不会紧张？,0,2025-06-05T07:05:37Z
QT7lzdT_6YE,@sowkinchan8829,"博主可去高速公路看看,世界各地没有的標置 ,车行道的地上可看到,1,2,3,4 有时是80,还大大的照相机图标..",0,2025-06-05T06:42:30Z
QT7lzdT_6YE,@parfikt,"erm, VMN 4585 摩托車不是新加坡的，而是馬來西亞的!!! 新加坡的像這樣 ABC 1234 A, 而馬來西亞的 ABC 1234,  謝謝...",0,2025-06-05T06:05:52Z
QT7lzdT_6YE,@parfikt,哦!! 謝咯! 歡迎到新加坡!!!,0,2025-06-05T05:56:18Z
QT7lzdT_6YE,@22065183,"新加坡擁車證先學一下 汽車超貴也學一下 就變成開車是中產以上的專利<br>然後再搭配各種高罰金學一下 因為開車的都是有錢被罰的人 才不會兩手一攤跟你說沒錢<br>後面再用少少的硬體設施補足就好<br><br>因為你已經用這種方式把一些低端廢物不怕罰的篩選掉了 開車的人少了 駕駛的基礎素質高了 你後面要再推動其他東西就很容易 這就是新加坡的方法 窮人就是滾去走路",0,2025-06-05T05:00:00Z
QT7lzdT_6YE,@stsy3651,折线是禁止停车， 不是减速。 摩托需停车格内停车，你拍的都违规。VMN 车牌的外国车，那车牌可能也是违规的,0,2025-06-05T04:49:34Z
QT7lzdT_6YE,@scht03,"Welcome to Singapore, My wife is a taiwanese. Yes I agree Taiwan roads need a major overhaul, and also start to allow motorcycle to be allow on highway &amp; expressway especially for Yellow &amp; Red plate. <br>歡迎來到新加坡，我老婆是台灣人。是的，我同意台灣的道路需要大改變，並且開始允許摩托車在高速公路和快速道路上行駛，尤其是黃牌和紅牌摩托車。",0,2025-06-05T03:45:26Z
QT7lzdT_6YE,@kentlin7058,"行穿線如果是斑馬線是一律要停的,雙虛線是一定有交通號誌的,每次開車我就很容易看到斑馬線就不自覺減速了",0,2025-06-05T03:04:27Z
QT7lzdT_6YE,@huang78728,"<a href=""https://www.youtube.com/watch?v=3_Iq8qVwxvE"">https://youtu.be/3_Iq8qVwxvE</a>",0,2025-06-05T02:49:27Z
QT7lzdT_6YE,@LCL-LCL-LCL,如果车不让公车的话，公车司机可以一键截屏行车记录仪回来举报,0,2025-06-05T02:04:38Z
QT7lzdT_6YE,@CL-sj5xl,別的不說，光是每次從新加坡回到台灣，看到路口一堆車在等行人過綠燈，過完後自己也變紅燈，然後一對車塞在右轉車道....... 政府有在用腦跟沒有真的差很多，好笑的是，根本有答案給你抄，還嘴硬不抄，然後說萬年不變的答案，國情不同,0,2025-06-05T01:22:37Z
QT7lzdT_6YE,@kennySg101,"台湾政治,大举时都愛到别国取经, 每次大选都提, 柯P.. 最大问题长期規画。 很难学, 是一套的东西, 法规 城市规画, 司机的教育, 方方面面, 而且要有多年努力。 最好不要比, Very depressing for yourself.",0,2025-06-05T00:41:38Z
QT7lzdT_6YE,@ting2357,"<a href=""https://www.youtube.com/watch?v=QT7lzdT_6YE&amp;t=720"">12:00</a> - 看到的车牌是邻国的机车😅",0,2025-06-05T00:14:15Z
QT7lzdT_6YE,@charleschiang1632,"台灣100多秒的紅綠燈是哪個笨蛋的主意? 大夏天摩托車等100多秒,不是折磨人嗎? 當然往前冲啊, 這些笨蛋只會坐在冷氣房出主意.",0,2025-06-04T21:19:33Z
QT7lzdT_6YE,@charleschiang1632,"以前交通部長毛治國是MIT美國麻省理工學院運輸管理博士, 陳世凱有什麽專業?",0,2025-06-04T21:16:06Z
QT7lzdT_6YE,@洪家章,感謝火花羅🙏,0,2025-06-04T18:53:26Z
QT7lzdT_6YE,@peilinghuang4843,再分享，有少数交通灯，为了以便巴士驶出巴士专用道（路线需要），会有个特别的交通灯🚥叫B sign for bus，巴士灯会先转绿，可以先行驶，几秒后才轮到其他车辆开始行使。plaza Singapura 巴士车站前就有这么一个，还在新加坡的话可以去看看。,0,2025-06-04T16:11:45Z
QT7lzdT_6YE,@Coolwater_TED,你要知道機車在馬路上有多危險。在😊新加坡機車的車禍導致死亡是很高的,0,2025-06-04T16:04:03Z
QT7lzdT_6YE,@peilinghuang4843,无意间看到这非常有意思的视频！的确、新加坡政府为了鼓励国人放弃汽车改用公共交通工具，给了巴士很多行驶的有利条件，尤其是巴士专用道，在peak hour 堵车时段，搭巴士其实是最佳选择。在此也分享，我们不叫”行穿线”，我们一般叫”斑马线”英文为zebra crossing. 🦓😆,0,2025-06-04T15:52:27Z
QT7lzdT_6YE,@jayrentan7841,许多新加坡人总喜欢边过马路边看手机，有的王八还喜欢戴上耳机，就差没过马路边跳舞。<br>而且我们的猪政府却忽视了这个问题。<br>万一有什么交通意外，往往都是开车司机的错。,0,2025-06-04T15:07:46Z
QT7lzdT_6YE,@MDroid-bn6eb,新加坡人的規劃確實令人驚嘆，但他們的效率更是驚人。有一次我在早上尖峰時段看到一輛車撞上了護欄，到了中午我再經過時，居然已經修好了！ 😂😂,9,2025-06-04T14:45:23Z
QT7lzdT_6YE,@71brianboy,在新加坡轎車用路人井然有序，在台灣只有發生不完的老翁撞死人悲劇,1,2025-06-04T14:14:04Z
QT7lzdT_6YE,@Karen-we4du,道路設計看起來非常直覺易懂，直走不變道、轉彎就切車道，不像台灣要閃各種右側的臨停違停機慢車跟左側等轉彎的車....第一次去的路口還老是搞不清楚到底有沒有轉彎專用燈號，在那邊猶豫該不該停真的很危險,0,2025-06-04T13:59:59Z
QT7lzdT_6YE,@michaelt1227,"Nice video, very insightful! Just a quick note at <a href=""https://www.youtube.com/watch?v=QT7lzdT_6YE&amp;t=720"">12:00</a>, the motorcycle plate shown is actually a Malaysian plate, not a Singaporean one. Singapore motorcycle plates typically have a black background with flat white letters. As for cars in Singapore, the number plates are also usually black with white letters, or an optional reflective types, white front plate and yellow rear plate, both with black characters.",0,2025-06-04T10:53:49Z
QT7lzdT_6YE,@allen9215024,交通部不是笨是壞！,0,2025-06-04T10:53:11Z
QT7lzdT_6YE,@servicesupport4871,"沒有可比性。<br><br>新加坡: 總死亡率 1.7 (每10萬人死亡數), 機車相關死亡率 0.5 - 0.7 (每10萬人死亡數), 每輛車每公里意外率 2.0 - 3.0 (每億車公里死亡數)<br>台灣: 總死亡率 13.4 (每10萬人死亡數), 機車相關死亡率 8.0 - 9.0 (每10萬人死亡數), 每輛車每公里意外率 10.0 - 12.0 (每億車公里死亡數)",1,2025-06-04T10:08:20Z
QT7lzdT_6YE,@陳淑芬-p3e,我在新加坡，過沒有信號燈的街道，沒讓車會被撞死😂台灣現在的交通比新加坡好！,0,2025-06-04T09:53:17Z
QT7lzdT_6YE,@YonYon-ke2uy,给个忠告，在新加坡驾车左转的时候如果有斑马线，一定一定一定要慢下来看，因为，会有脚踏车突然冲出来，人还容易看到，脚踏车真的很突然，他们是非常信任驾车的人一定会停车，信任到就算你的车要到了，他们也敢敢直接冲出去。,0,2025-06-04T09:28:04Z
QT7lzdT_6YE,@jimmychu0415,我在七個不同的國家開過車，新加坡也是其中之一，新加坡算是可以使用直覺開車的地方。<br>交通規則和號誌都讓人不太緊張，是少數一開車就上手的地方，感受的到這個政府的專業... 和用心...<br><br>除了停車這件事讓我比較緊張和不習慣之外，馬路上行駛中真的很 &quot;直覺&quot; 的就上手了，完全不慌不亂。,0,2025-06-04T08:38:18Z
QT7lzdT_6YE,@desmondchew4364,本身经历，我有去过台湾旅游，当过班马线😢车辆车主没有要停让行人🚶过马路…..😮😢,0,2025-06-04T08:26:43Z
QT7lzdT_6YE,@tankatherine8484,SG has done up slopes for wheelchair and cyclists friendly,0,2025-06-04T07:57:06Z
QT7lzdT_6YE,@user-if1qh8iy5g,台灣跟新加坡比，就是X鳥比雞腿啦！新加坡是一個真正有政府在治理的國家，台灣只有貪腐沒有政府，真的很可悲。,0,2025-06-04T07:11:52Z
QT7lzdT_6YE,@鄭大班-u6k,錯方向 為自動駕駛。霸凌人民開車<br>因大陸早自動駕駛LV3-<br>台灣太多。特斯拉撞牆失火🔥<br>亂畫線是為。高檔車自動駕駛買賣<br>自動車買賣。找人民麻煩。亂開罰單,1,2025-06-04T06:36:37Z
QT7lzdT_6YE,@鄭大班-u6k,去香港30年前到現在<br>過馬路要聲音加快警音<br><br>行人地獄。是美國民進黨<br>爲了選票制造對立<br>台島沒國際新聞<br>只好盯住車禍小新聞,1,2025-06-04T06:29:22Z
QT7lzdT_6YE,@lightspace-nb4ol,建议博主尽量不用‘’吊打‘’这种垃圾词语，显得很不文明和没有修养。,0,2025-06-04T05:16:09Z
QT7lzdT_6YE,@peacefulangel5124,新加坡有全世界最贵的拥车稅和路稅，台湾要学吗？,0,2025-06-04T04:48:18Z
QT7lzdT_6YE,@peacefulangel5124,其实韩国瑜、柯文哲、侯友宜以及蒋万安市长等人，都曾经带领市府人员到新加坡考察过。 柯文哲还告诉记者新加坡某方面不如台北。,0,2025-06-04T04:43:40Z
QT7lzdT_6YE,@XLXXLX888,1992年台的交通问题还在？<br>33年台政府一直搞內鬥<br>烏雅都一样黑,0,2025-06-04T04:05:36Z
QT7lzdT_6YE,@ngkamchuin4383,那台VMN4585机车是馬來西亞的。不要新加坡注册。,0,2025-06-04T03:56:40Z
QT7lzdT_6YE,@KimuraHikaru,欢迎来到淡滨泥区。,0,2025-06-04T02:53:47Z
QT7lzdT_6YE,@veeonnchin4102,好心啦，都不是一个级别的，干嘛要比较？,0,2025-06-04T02:24:30Z
QT7lzdT_6YE,@周政緯-i7v,可是你看新加坡跟歐洲，<br>到底有多少白牌停在路上的?<br>如果幾乎都是汽車在行進，<br>道路使用上本來就是比較舒適<br>你把1千台機車放進你考查走的這塊地，<br>你就會知道事情不是這麼容易了<br>更何況台灣是2000多萬台機車!!<br><br><br><br>為何路做窄?人家偶爾才遇到機車<br>你台灣不到3秒就遇到一台機車餒,0,2025-06-04T02:23:51Z
QT7lzdT_6YE,@firefighterdarry,The Vehicle number plate that you show is a Malaysia vehicle number plate. Singapore vehicle number plate start with S .,0,2025-06-04T00:12:28Z
QT7lzdT_6YE,@nelsonsen2534,行人地獄？至少我們還有音樂,0,2025-06-04T00:09:13Z
QT7lzdT_6YE,@lane161,我在新加坡生活4年了都没细心发现这些，只觉得平时通行很便利无碍,0,2025-06-03T23:09:38Z
QT7lzdT_6YE,@bt6214,火花羅比交通部長更適合擔任交通部長改善台灣交通地獄,0,2025-06-03T17:35:50Z
QT7lzdT_6YE,@吳俊儀-o6t,有些蠻讚的  有些就還好  減速坡個人覺得蠻讚的  還有公車專用道  但那個減速折線....感覺沒啥用,0,2025-06-03T15:26:01Z
QT7lzdT_6YE,@stillecho,因為台灣的民代會帶頭抗議，加上一些民眾沒有交通知識，認為幾十年來都這樣已經習慣了，突然要改變，就會群起抗爭，民代本身也缺乏專業，才會帶著群眾起鬨，就演變成新聞常播的居民抗議人行道。,0,2025-06-03T13:55:29Z
QT7lzdT_6YE,@Trinetra3382,"@<a href=""https://www.youtube.com/watch?v=QT7lzdT_6YE&amp;t=630"">10:30</a> 在住宅区会比较常看到。",0,2025-06-03T13:42:54Z
QT7lzdT_6YE,@i1961i,車道窄，主要是因為車輛數量控制的非常嚴格，新加坡擁車證取得非常不易（也非常的貴），駕駛安全要求也是非常嚴格。 真的會相當禮讓行人。,0,2025-06-03T13:16:35Z
QT7lzdT_6YE,@Rexchew95,你说的很多种线条，在新加坡最多用的只是斑马线，黄格子线（红灯的时候得让小路的车子先进来），其他最主要还是法律够严格，新加坡全岛很多CCTV，新加坡警察，救护人员，15分钟内必到，都是这些因数造成的,0,2025-06-03T12:59:27Z
QT7lzdT_6YE,@williamwong8115,靠近人行斑馬線之前的單折線，是提醒司機前面有行人通道；至於在公路上連續的單折線，是只讓其他車子給乘客上下車，雙折線則是完全不可以停車等待，或是給人上下車。,0,2025-06-03T12:46:17Z
QT7lzdT_6YE,@CLH74,發達國家都是這樣做的，行人優先，大眾運輸優先，寧可減少私家車和摩托車的路權和數量，也要行人、自行車、公眾交通優先，台灣加油↖(^ω^)↗,0,2025-06-03T12:26:52Z
QT7lzdT_6YE,@skychaos87,"At <a href=""https://www.youtube.com/watch?v=QT7lzdT_6YE&amp;t=100"">1:40</a> there is a thick white line before the zebra crossing, which means cars have to make a mandatory stop before proceeding. More so, cars also have to slow down and check for pedestrians when approaching a zebra crossing. But yes i do agree that pedestrians should always check for vehicles regardless if the view is clear or not, if they have the right of way or not.",1,2025-06-03T11:33:30Z
QT7lzdT_6YE,@PetersTW,民進黨只知道選舉佔位保政權，哪來的心思想這些便民利民的基礎設施？紅燈右轉這種早就該做的事情，沒有一個交通部長去做，別提這些公車站內縮的制度了,0,2025-06-03T11:05:36Z
QT7lzdT_6YE,@mj5271,身為馬來西亞人，剛到台灣很不明白為何要寫一堆字做成板子貼在路邊，逼人速讀？其實明明有很多圖示交通號誌然後不用把環境弄的有夠複雜。然後加強罰則吧，每個國家都有水準很差的駕駛，只是別人用法規把累犯和不適任駕駛處理掉而已。然後減速丘就別提了，星馬成本最低讓車減速的方式。每次有人問說你怕不怕台海打仗，我都回你知道台灣馬路去年死了多少人嗎😂,1,2025-06-03T10:59:23Z
QT7lzdT_6YE,@marcolooie,你們沒發現交通亂是故意的嗎?行人霸王條款只有加一個超級便宜的行人時相按鈕，就解決啦!為什麼不裝?細思極恐,0,2025-06-03T10:43:29Z
QT7lzdT_6YE,@1lidan,地理小知識：其實大部分的人類都住在都市附近的人口稠密區，因為地狹人稠所以做不到只是藉口。<br>不如說地狹人稠，大眾交通工具做不好更應該被鞭。<br>還是說講到大眾交通工具，台灣人口又不夠密了呢?,0,2025-06-03T10:42:12Z
QT7lzdT_6YE,@andylin3019,新加坡半獨裁國家，跟台灣差遠了。,0,2025-06-03T09:04:29Z
QT7lzdT_6YE,@kamlam1283,兩岸都要學道路文明,0,2025-06-03T07:40:31Z
QT7lzdT_6YE,@mizuno2007,韓國巷口路口 以首爾為例 我看很多地方都有減速裝置 我是看一個送外賣實況主 台灣很少 連雙北都很少設置 所以路口巷口車輛都可以順暢直接衝出來  歐洲旅遊有些還會刻意縮小道路 或是像日本彎彎曲曲 強迫你只能慢開,0,2025-06-03T07:40:22Z
QT7lzdT_6YE,@leslieleow1230,新加坡也在老人较多的组屋区街道，改成银发区，时速为30公里，若超速，将被罚款。<br>划为友善路段也需减速，让路给老人小孩和残疾人士。,2,2025-06-03T07:19:39Z
QT7lzdT_6YE,@hn9480412,陳世凱：因地制宜、太平洋沒加蓋<br><br>另外新加坡的購車成本非常高，政府也有在管制車牌發照數量。不管是公車還是私家車進入特定路段都會被ERP收取通行費。用完善的公共運輸和收進城稅的方式來降低民眾開車意願，你看台北市誰敢這樣推（推了他下屆市長還要不要選啊）,0,2025-06-03T06:35:40Z
QT7lzdT_6YE,@TanPengJooTan,"No matter how well or how bad the road designs are, road safety are everyones responsibility to look out for each others we&#39;ll being, even the best design but definitely there will be no best road systems in the world, every country have their own sets of road and traffic signs, above all roads are used by everyone and are everyone responsibility",0,2025-06-03T06:34:35Z
QT7lzdT_6YE,@sct0830,台灣交通真的落後....,0,2025-06-03T05:25:17Z
QT7lzdT_6YE,@KUKU2020,台灣不行的啦，開車的人品就有問題，醉駕、屁孩文化是台灣的根基，這不是要學就學的來的，人種的問題不是什麽硬體的問題,0,2025-06-03T04:41:06Z
QT7lzdT_6YE,@user-fr4es3yh5r,就鬼島旗魚人😂,1,2025-06-03T04:06:08Z
QT7lzdT_6YE,@周旻聰,你回去中國住嗎,0,2025-06-03T03:50:06Z
QT7lzdT_6YE,@evansshih6630,陳世凱我查了一下好像沒什麼交通專業 到底是怎麼當上的,0,2025-06-03T03:45:53Z
QT7lzdT_6YE,@enquanteo2132,as a rider and rode in taiwan before.. what i hate the most is for turning left i will need ride to right side and  face straight so i can go straight afterward.. why dont they just design can just turn left?,0,2025-06-03T03:06:01Z
QT7lzdT_6YE,@LinFamily-t7w,真的要講一下停車場，在新加坡違規停車雖然也有，但是我到台灣開車真的不知道要停哪裡？當地人跟我說路邊靠邊停就可以了😂<br>台灣地比較大車也更多 為什麼不多建停車場啊？非要像發展中國家一樣亂,0,2025-06-03T02:57:12Z
QT7lzdT_6YE,@jeffchu8073,"大家都知道了,有你們努力幫忙推動讓大家有所了解台灣以外的世界,交通是怎樣的,但是我覺得那些官員們不會做,或者反著做,前例太多,他們就像只想在爛泥潭裡打滾...豬,這樣很爽,他們一點都不想努力!!",0,2025-06-03T02:48:08Z
QT7lzdT_6YE,@電腦椅,路上車流很少? 上班時間?   能否挑尖峰時段拍   會更容易觀察    不然以影片車流量無法比對台灣的車流   再好的設置遇大車流量時也不見有效,0,2025-06-03T02:32:49Z
QT7lzdT_6YE,@lairosemary9425,新加坡罰的嚴，沒得關說…,0,2025-06-03T02:01:06Z
QT7lzdT_6YE,@chenyiroy6840,1.如果台灣出現減速折線<br>妓者會開始大肆報導，話線的工程人員你累了嗎?<br>然後民眾會開始取笑畫線人員<br><br>2.如果台灣在行穿線的旁邊設減速丘<br>妓者會開始大肆報導，這樣造成車輛行駛上的困難<br>然後民眾會開始說這個矯枉過正，要不要全部路口都這樣弄<br><br>結論:就算你把各國好的交通設置的答案給那些官員看<br>他們連抄都不抄繼續用自己的思維做事,0,2025-06-03T01:28:19Z
QT7lzdT_6YE,@rli2511,新加坡? OK啊我支持擁車證比照新加坡 幾輪都要,0,2025-06-03T01:02:25Z
s5zW5IHcLi8,@shasha77,"【又，被黃標了】<br>是的，這集談行人安全的影片，也被黃標了<a href=""UCiWXd0nmBjlKROwzMyPV-Nw/GqdfXd2LJYfa-gOBkqjoDQ""></a><br>如果你覺得它不應該被黃標，或是你想讓這個內容被更多人看到<br>歡迎留言 <a href=""http://www.youtube.com/results?search_query=%23itdeservesgreenmark"">＃ItDeservesGreenMark</a>　<a href=""http://www.youtube.com/results?search_query=%23%E9%80%99%E6%87%89%E8%A9%B2%E7%B6%A0%E6%A8%99"">＃這應該綠標</a><br>和我們一起協助 YouTube 建立一個更完善、更精準的AI判別系統！<br>（根據 YouTube 官方表示，大家的hashtag是有幫助的！）<br><br>——<br>❝ 愛莉莎莎的自媒體銷售學 ❞<br>👉 12/8-1/15 募資熱賣優於45折，激省6000元起<br>👉 輸入「志祺七七350」，即可再折350元<br>🔎 課程介紹：<a href=""https://hi.sat.cool/gH7It"">https://hi.sat.cool/gH7It</a>",1042,2023-01-13T11:00:58Z
s5zW5IHcLi8,@陳隆-p5j,是所有使用交通人的!地獄!!,0,2025-06-05T02:17:40Z
s5zW5IHcLi8,@zrh-n4j,b,1,2025-05-25T12:03:32Z
s5zW5IHcLi8,@ChuSiangLai,"影片真的很棒，但看到 <a href=""http://www.youtube.com/results?search_query=%23%E6%84%9B%E8%8E%89%E8%8E%8E%E8%8E%8E"">#愛莉莎莎</a> 的出現，就讓人很不舒服了 …",0,2025-05-24T06:28:49Z
s5zW5IHcLi8,@RTY_Satan,現在還想著要改路名,0,2025-05-21T23:27:48Z
s5zW5IHcLi8,@scheebry,"2年後依舊是行人地獄,走在斑馬線上會被撞飛",3,2025-05-20T18:28:33Z
s5zW5IHcLi8,@義忠高-x7m,台灣出了什麼問題？就是台灣人命如草芥啦！這還用問嗎？酒駕撞死人也是不少，判刑關幾年甚至頂多關一年，出獄照樣無照酒駕，倒霉的就又被撞死…………所以行人在斑馬線被撞算什麼啊！殺死幾個人都得要三審都判死刑才會確定判死刑，關進監獄一陣子還可以提起上訴而免除死刑，這不就證明台灣人命不值錢嗎？大法官更是已認證這個了，沒有嗎？,0,2025-05-12T11:00:20Z
s5zW5IHcLi8,@kurororusilu6628,被霸占問題先解決，覺得會改善很多,0,2025-03-20T23:26:32Z
s5zW5IHcLi8,@yuykang8352,一條生命只值三萬六..？<br>對家屬來說 這傷害得多大<br>如果是低薪家庭 經濟支柱過世<br>講現實點你要對其他家人的未來負責嗎？？<br><br>重傷的定義方式我不知道 但如果是植物人 連住院的費用都不止這些吧..<br>對方的未來賠掉了 連最基本的生活開銷你都賠不起 更不用談治療等等後續的費用<br><br>然後講到輕傷 你如何判斷輕傷 一萬八連勞工最低一個月的薪水都不到 對方可能要花多久養傷 會不會留疤<br><br>我國一的時候被車撞 重機右轉沒看到路人過馬路 當時綠燈 我媽居然不讓對方賠償 到現在還是很氣 明明不是我的錯 卻在膝蓋留下蟹祖種 （醫美雷射才能除掉）<br><br>最後 改變源頭的問題請不要賴給車主 賠不到四萬就能帶走生命代價很低！想像一個開勞斯萊斯的人缺錢嗎？雖然賠不起對方的身體 也至少每月定期給對方造成的損失賠償！例如失去工作的家中經濟支柱 或是家庭主婦 而且台灣的行人地獄跟道路規劃有很大關係 請不要只想解決車主<br><br>我們都是這個時代交通問題的受害者 一起加油 改變台灣！！,2,2025-03-14T00:54:16Z
s5zW5IHcLi8,@李易聯,撞人的魯莽，被撞的輕忽，是人自己的不適應道路問題；行人地獄是〝居心叵測〞的誇大其詞。,0,2025-03-01T00:42:23Z
s5zW5IHcLi8,@YuiKat,居然沒有香港,0,2025-02-23T04:14:23Z
s5zW5IHcLi8,@miketung4719,難以置信！！！他一定是沒算入安全度和好走度==,0,2025-02-21T13:03:59Z
s5zW5IHcLi8,@四尾麻糬,上學放學過馬路，像在玩青蛙過街，沒有30秒廣告復活的那種。,0,2025-02-18T23:42:15Z
s5zW5IHcLi8,@skywing-hot-00,總之，在十字路口的行人通行時間要跟轉彎車的通行時間錯開，才是根本要去做的。大家多等一個紅綠燈，不要互相干擾才是保護行人的好方法。,0,2025-01-29T06:20:09Z
s5zW5IHcLi8,@skywing-hot-00,大家有沒有想過，有沒有可能行人地獄根本是交通號誌設計不當呢？<br>其實95%以上的行人在斑馬線被汽車撞到的情境，應該都是發生在，直行路人與轉彎汽車的十字路口衝突事件！我幾乎沒看過在單純幹道的行人與汽車會在斑馬線有衝突，原因是行人通行時間跟幹道的通行時間，根本是錯開的，我想應該很少汽車駕駛會故意撞人。<br>但，我不知道為什麼，我們十字路口的號誌燈要把行人通行時間與過彎的汽車通行時間設為重疊，這根本才是把行人曝露在風險的設計！<br>真的很奇怪，交通官員都不會實地去現場看嗎？過彎的車要專注對面來車，又要注意來自右後方竄入或左後方竄入行人，同時又有車柱檔住視線。,0,2025-01-29T06:18:00Z
s5zW5IHcLi8,@umo.ulaani4475,兩年後才看到這麼優秀的影片，真的非常感謝志淇七七的團隊用心製作。非常感謝你們關心行人安全問題。<br><br>以前我是一名香港僑生，因為居住環境很方便，所以我沒有學會任何交通工具就跑去台灣某個山區讀書了。<br><br>正如你所說的那樣，台灣真的是一個行人地獄。不僅僅是容易發生交通意外，更是因為車本主義的社會體制，令我居住的地方公共交通非常不完善，而且相關法規也沒有約束力。<br><br>我以前出城或去有捷運的地區，至少要等兩小時的車，然後再花1.5小時的行車時間，晚上八點就已經是尾班車了。這令當年正值年輕的我非常不習慣。更不用說當地的交通事故發生率了，我有好幾個認識的人因為交通事故而受傷或離世。<br><br>其中一個肇事駕駛發生意外後沒有為自己所做的事負責，撞人後揚長而去，最終被撞的人因失救而死。由於沒有監控攝像頭，所以找不到肇事者。而這個被撞的人，就是我朋友的家人。她正值年華，是一名大學生，就這樣客死他鄉了。<br><br>更可怕的是，很多言論會先檢討受害人，彷彿你沒有駕車出行就是你的原罪一樣。鄰近國家和地區即使是行車優先，也能處理得很好，沒有造成行人的困擾。<br><br>當然，台灣的情況也不盡相同。有些人認為行人道會妨礙生意和居民的出入，但這並不能成為將摩托車停在行人專用道上的正當理由。政府未能妥善規劃停車區，加上民眾對此問題的意識薄弱，確實是導致交通意外頻發的原因之一。完善停車規劃和提高民眾意識是解決這一問題的關鍵。<br><br>從法律層面和實際執行來看，這不僅僅是一句「跟鄰近國家學習」就能解決的問題。恐怕要轉變，也不是一朝一夕的事。我認為至少要兩代人後才能看到情況改善。,1,2025-01-21T00:31:17Z
s5zW5IHcLi8,@RAY-vj6ez,現在一堆<br>行人闖紅燈 不然就是過馬路慢慢走（你如果不是老人 身殘人士 孕婦 幼童8歲以下）<br>麻煩走快點<br>[TIME IS MONEY]<br> 還有一堆<br>低頭看手機 <br>講電話等等,0,2024-12-22T05:33:12Z
s5zW5IHcLi8,@penghugirlhan,如果台灣的交通規劃成腳踏車為主，有可能嗎?,0,2024-12-13T12:32:07Z
s5zW5IHcLi8,@夏夜-x8x,"<a href=""http://www.youtube.com/results?search_query=%23itdeservesgreenmark"">＃ItDeservesGreenMark</a><br><a href=""http://www.youtube.com/results?search_query=%23%E9%80%99%E6%87%89%E8%A9%B2%E7%B6%A0%E6%A8%99"">＃這應該綠標</a>",0,2024-12-09T04:29:58Z
s5zW5IHcLi8,@張寧-j2i,我的心願想成為演員和表演人員。隨時在路邊就有想像，我站在寧靜社區和狹窄巷道，為了創造舞蹈動作，受到汽車駕駛突然出現按鳴。逐出車本主義很重要。<br>我的心願想成為演員和表演人員。隨時在路邊就有想像，我站在寧靜社區和狹窄巷道，為了創造舞蹈動作，受到汽車駕駛突然出現按鳴。逐出車本主義很重要。,0,2024-11-27T09:40:47Z
s5zW5IHcLi8,@jacky4674,對啊這個行人條款一出來，一堆擊敗行人也出現了啊 紅燈還跑出來的 故意走很慢的 一大堆🙄,0,2024-10-26T03:29:47Z
s5zW5IHcLi8,@ksenia0217,謝謝！,0,2024-09-27T08:12:20Z
s5zW5IHcLi8,@aabbabc777,看這影片下面的留言會覺得台灣交通有救了 不過如果去看fb那種比較多接地氣的留言 就會知道有多絕望,0,2024-09-16T10:27:48Z
s5zW5IHcLi8,@aabbabc777,死在台灣的斑馬線上機率遠遠高於被中共的砲彈打死,0,2024-09-16T10:26:13Z
s5zW5IHcLi8,@張廷軒-i6m,人行道是修飾道路最重要的設施 但很多人都不當一回事 這就是台灣最大的問題 反正我好停車就好了 就是這樣台灣才會一直被看不起,1,2024-08-23T08:48:08Z
s5zW5IHcLi8,@Thahahahahaha,政策不行，民眾也不行,0,2024-08-21T20:27:18Z
s5zW5IHcLi8,@Alex_when520,最安全的路口在苗栗❤,0,2024-07-29T11:45:34Z
s5zW5IHcLi8,@千萬不要點開我的頻道,出了國才知道台灣的交通是多麽的爛😅在日本走在路上是一種享受，台灣……完全不敢,2,2024-07-17T11:55:21Z
s5zW5IHcLi8,@小健-y4u,最沒用的族群要求還一大堆 人你媽,0,2024-07-07T03:45:29Z
s5zW5IHcLi8,@Carlos_Brown899,让行人能够走的安心舒适，听到这句话莫名想笑。😂,0,2024-06-28T14:35:33Z
s5zW5IHcLi8,@69Dawson2D,沒有人行道跟人行道被霸占吧!,0,2024-06-17T08:12:24Z
s5zW5IHcLi8,@69Dawson2D,車道縮減根本影響剛好相反吧!,0,2024-06-17T08:09:28Z
s5zW5IHcLi8,@69Dawson2D,不是沒有設計師!是設計師不夠用吧!,0,2024-06-17T08:06:01Z
s5zW5IHcLi8,@zw836,這種爛地方實在沒法居住，能移民的趕緊,0,2024-06-12T17:06:56Z
s5zW5IHcLi8,@大千大樓,"一個巴掌拍不響,,,你說這是單方面的問題嗎",0,2024-06-07T10:29:52Z
s5zW5IHcLi8,@rebeccahtkuo,台灣的交通需要全體人民一起重視改善,0,2024-05-20T10:19:47Z
s5zW5IHcLi8,@yfliu8220,"真的很恐怖<a href=""http://www.youtube.com/results?search_query=%23%E9%80%99%E6%87%89%E8%A9%B2%E7%B6%A0%E6%A8%99"">＃這應該綠標</a>",0,2024-05-04T11:07:24Z
s5zW5IHcLi8,@柯小鹏,呆湾最美的风景是人😂,0,2024-01-08T11:12:35Z
s5zW5IHcLi8,@歌月.Formosa,11個月過去了，當教育局在不理解為何交通部強制推行行人條款的情況下，還大力稱讚東興國中的帝王條款時<br>我只能說，台灣交通改善的路並不是還有很長一段路要走，而是已經走到盡頭且無路可走了<br>真的很可笑啊，『帝王條款』🥰,1,2024-01-01T11:54:32Z
s5zW5IHcLi8,@TheAndychen9,國民水準低啊,0,2023-12-28T13:56:48Z
s5zW5IHcLi8,@thunderpighsieh3049,其實台灣不只是行人地獄.根本就是交通地獄 ! ! ! 大家在討論行人走路很危險.其實騎腳踏車也很危險.騎機車也是地獄.開車也是地獄..想想開車在路上各種突然轉彎的汽車.四面八方冒出來的機車.行走在車道線內的行人..騎機車呢.車道中隨時逼近壓迫的汽車.不知動向的老人家機車.臨停在車道上的各種障礙物.還有隨時出現在車道的行人....追根究底不就是交通規劃根本沒好好設計規劃.結果造成長年的高車禍和傷亡率.居然這樣也不用改善還可以相安無事的過這麼多年 ! ! ! 老百姓不滿又怎樣? 就是不改你能奈他何?,0,2023-12-25T05:11:30Z
s5zW5IHcLi8,@操場デヤル,簡單的解決：<br><br>把路的百分之30全面禁止汽車！<br>結果：走路，騎腳踏車更好更安全，汽車數減少，擁堵減少。,0,2023-12-22T07:38:41Z
s5zW5IHcLi8,@TianshiGBJ,"A <a href=""http://www.youtube.com/results?search_query=%23itdeservesgreenmark"">＃ItDeservesGreenMark</a>　<a href=""http://www.youtube.com/results?search_query=%23%E9%80%99%E6%87%89%E8%A9%B2%E7%B6%A0%E6%A8%99"">＃這應該綠標</a>",0,2023-12-21T04:47:10Z
s5zW5IHcLi8,@netetahito5223,台湾の意外な一面だ<br>道路ってすぐ変えられないから日本でも田舎は歩きづらいんだよね、特に雪国,0,2023-12-21T02:00:25Z
s5zW5IHcLi8,@燦榮顏,忘八交長是非顛，乏策兩全皆走偏，胡亂作為惹民怨，無能怠惰攤眾前！,0,2023-12-14T23:31:17Z
s5zW5IHcLi8,@姓江的雙魚座薑絲こうさん,"<a href=""https://www.youtube.com/watch?v=s5zW5IHcLi8&amp;t=129"">2:09</a>",0,2023-12-08T05:42:36Z
s5zW5IHcLi8,@Antony8899,因為鬼島台灣呈現無政府狀態，除了行人地獄 也是居住地獄,1,2023-12-02T04:13:59Z
s5zW5IHcLi8,@jansenry,應注意能注意而未注意,0,2023-11-30T13:46:19Z
s5zW5IHcLi8,@我要吃罐罐,真丟臉！,1,2023-11-10T09:25:04Z
s5zW5IHcLi8,@陳天賜-v1q,台灣的停車和障礙物的亂象是絕無僅有！,1,2023-11-10T04:50:29Z
s5zW5IHcLi8,@xikuku1103,"<a href=""http://www.youtube.com/results?search_query=%23itdeservesgreenmark"">＃ItDeservesGreenMark</a>　<a href=""http://www.youtube.com/results?search_query=%23%E9%80%99%E6%87%89%E8%A9%B2%E7%B6%A0%E6%A8%99"">＃這應該綠標</a>",1,2023-11-05T19:26:58Z
s5zW5IHcLi8,@VTVISUAL,"台灣路人已經很少了, 天橋也被拆了",2,2023-10-12T04:38:22Z
s5zW5IHcLi8,@廖泓翔-l8d,聽了這麼多，難關道路設計感覺很像縫合怪,1,2023-10-07T04:10:13Z
s5zW5IHcLi8,@魏宇愁羺,可能政府的想法是等路人全部被撞到死光就擺脫行人地獄的惡名了吧？這確實也是一個辦法，ㄎㄎ,3,2023-10-02T04:10:37Z
s5zW5IHcLi8,@鳳梨酥酥,"<a href=""http://www.youtube.com/results?search_query=%23itdeservesgeenmark"">#ItDeservesGeenMark</a>",1,2023-10-01T11:09:55Z
s5zW5IHcLi8,@Chr14-s9z,"<a href=""http://www.youtube.com/results?search_query=%23itdeservesgreenmark"">#ItDeservesGreenMark</a>",1,2023-10-01T03:30:02Z
s5zW5IHcLi8,@BradleyTsai,OS：「如果你開的店因為不能停機車就沒生意，代表這家店好像可以不用做生意？」,1,2023-09-30T14:21:55Z
s5zW5IHcLi8,@lan-0718,現在有公車地獄從最外直接幹到內,0,2023-09-19T07:59:44Z
s5zW5IHcLi8,@chienyilai3605,抵制機車使用。至少我是這樣😊,1,2023-09-18T08:50:26Z
s5zW5IHcLi8,@leeyaya,"<a href=""http://www.youtube.com/results?search_query=%23itdeservesgreenmark"">＃ItDeservesGreenMark</a><br><a href=""http://www.youtube.com/results?search_query=%23%E9%80%99%E6%87%89%E8%A9%B2%E7%B6%A0%E6%A8%99"">＃這應該綠標</a>",0,2023-09-17T11:20:16Z
s5zW5IHcLi8,@忠信-o4i,總講一句，台灣交通部都是死人，全部都是鬼，會領很多錢的鬼。,0,2023-09-16T03:09:12Z
s5zW5IHcLi8,@loveroc2012,"<a href=""http://www.youtube.com/results?search_query=%23itdeservesgreenmark"">＃ItDeservesGreenMark</a>　<a href=""http://www.youtube.com/results?search_query=%23%E9%80%99%E6%87%89%E8%A9%B2%E7%B6%A0%E6%A8%99"">＃這應該綠標</a>",0,2023-09-12T11:42:10Z
s5zW5IHcLi8,@staginsuit5187,"<a href=""http://www.youtube.com/results?search_query=%23itdeservesgreenmark"">＃ItDeservesGreenMark</a>　<a href=""http://www.youtube.com/results?search_query=%23%E9%80%99%E6%87%89%E8%A9%B2%E7%B6%A0%E6%A8%99"">＃這應該綠標</a>",0,2023-08-22T17:32:18Z
s5zW5IHcLi8,@wuchihhsing,考照嚴格? 那些蛇行 隨意連續變換車道 逼車 咬車尾的 不都是視力好 反應佳 技術好的嗎？,1,2023-08-22T15:50:19Z
s5zW5IHcLi8,@joy6821,"<a href=""http://www.youtube.com/results?search_query=%23%E9%80%99%E6%87%89%E8%A9%B2%E7%B6%A0%E6%A8%99"">#這應該綠標</a>",0,2023-08-10T17:34:16Z
s5zW5IHcLi8,@Stk99632,有錢可以普發全民沒錢做交通改革就是華國政府一概的做事態度啊,0,2023-08-09T11:22:03Z
s5zW5IHcLi8,@yellowguagua,看完之後，發現有很多地方可以改善的都因為「沒有錢」而停止，那有辦法從現有的地方合法的拿到錢嗎？<br>像是交通罰金之類的，不一定要全部劃分給改善交通設施，一定比例就可以了。<br><br><br>/更新<br><br>剛才查了一下，現有法規只有寫分配給各地區的比例，分配的如下：<br>一、道路交通違規案件舉發處理費用。<br>二、購置及檢定交通執法裝備器材費用。<br>三、交通執法資訊電腦化費用。<br>四、設置或租用違規車輛保管場所或卸貨分裝場地費用。<br>五、交通執法與安全宣導費用。<br>六、交通執法教育訓練及考察費用。<br><br><br><br>現有的法律（第4條）比較少規定分配多少給道路交通的基礎建設，有也是國道公路的，假如可以規定必須有多少比例用於改善交通基礎設施，感覺會比較好，且要依照人本交通手冊的建議去施作，就可以逐步的改善交通。,0,2023-08-07T12:06:03Z
s5zW5IHcLi8,@諸政安,ABC,0,2023-08-03T09:49:59Z
s5zW5IHcLi8,@jeremy255,就是阿<br>看看那精美的交通事故死亡人數<br>誰還敢否認<br>丟臉丟到國外去<br>超丟臉==<br>在歐美國家面前完全抬不起頭,2,2023-08-02T12:18:42Z
s5zW5IHcLi8,@wei-haochen9410,"<a href=""http://www.youtube.com/results?search_query=%23itdeservesgreenmark"">＃ItDeservesGreenMark</a>",0,2023-07-29T04:41:27Z
s5zW5IHcLi8,@vincenttang3659,第一次去台灣旅遊真的有被嚇到，怎麼沒有人行道😢超沒安全感，隔幾秒就回頭檢查有沒有車行駛過來……,0,2023-07-27T12:24:47Z
s5zW5IHcLi8,@呂鵑后,"志祺末尾：越來越多人站出來採取實際的行動，就更有機會做出更積極的改變！     水啦~持續默默當乾媽支持志祺團隊。你們讓我覺得臺灣有希望～<a href=""UCiWXd0nmBjlKROwzMyPV-Nw/u3U8XPjMLIHJigSaoIvABQ""></a>",0,2023-07-12T17:11:48Z
s5zW5IHcLi8,@richchen1050,台灣這國家很難團結，就是自私的人實在太多了！😢<br>只出張嘴領薪又貪污的政客、個人利益至上的資本家、公路我家的沒品駕駛…這些人沒遠見只看得到短期利益。😮‍💨<br>而被這些人影響許久的其他國民，心有餘力而力不足，只能得過且過～😢<br>台灣一直以來就只有很少數的人不服輸，在持續奮鬥，想改善這個國家。<br>但阻力實在太強，要看到明顯的進步，我們等到民國200年再來看看。😭,1,2023-07-12T07:34:17Z
s5zW5IHcLi8,@小志戴,我想你對台灣交通歷史有ㄧ點錯誤<br>台灣交通在過去是採人車分道、行人有專用地下道、天橋行走！<br>後來什麼原因廢除了地下道、天橋而改用平面班馬線、而到現在交通路權意識覺醒、人車路權平等，但是交通部的政策是什麼？為了卸責訂立了違反公平公正公理的交通新制，為錢而罰！原本台灣交通開罰ㄧ向都是以交通燈號做為裁罰依據，現在呢，裁罰依據居然變成以人為裁罰依據，人車爭道，為何交通部不把交通燈號從現行的同向人車共行，更改為人車分行，而是違反公平公正公理，強行訂立這樣的新制法規，製造更多交通問題，路權對立，到底是何居心！,0,2023-07-08T04:48:28Z
s5zW5IHcLi8,@小志戴,最大的問題、就是交通部！<br>該做的不做、遇到事情就想盡辦法卸責、並訂立違反公平公正公理的新制法規、造成更多的交通動亂、路權對立！,0,2023-07-08T04:32:57Z
s5zW5IHcLi8,@kunwu5534,"D:教育<br><a href=""http://www.youtube.com/results?search_query=%23itdeservesgreenmark"">＃ItDeservesGreenMark</a><br><a href=""http://www.youtube.com/results?search_query=%23%E9%80%99%E6%87%89%E8%A9%B2%E7%B6%A0%E6%A8%99"">＃這應該綠標</a>",0,2023-07-02T17:09:04Z
s5zW5IHcLi8,@忠信-o4i,正本清源~問題出在交通部的職位太穩定了、福利有太好了，又加上沒被開除的危機，交通問題是老百姓的，會不會死傷是個人風水命運問題。,0,2023-06-28T11:46:50Z
s5zW5IHcLi8,@fox8298,"<a href=""http://www.youtube.com/results?search_query=%23itdeservesgreenmark"">＃ItDeservesGreenMark</a>　<a href=""http://www.youtube.com/results?search_query=%23%E9%80%99%E6%87%89%E8%A9%B2%E7%B6%A0%E6%A8%99"">＃這應該綠標</a>",0,2023-06-28T03:07:12Z
s5zW5IHcLi8,@dog90165,給我把嗎去掉自信一點,0,2023-06-27T07:26:13Z
s5zW5IHcLi8,@raxfar,會考試不見得會做事 ？？<br>考試複雜的題型都能考過了，為何設計路權這種做不出來？<br>有點像印度，印度能造核子彈卻造不出一支機槍，<br>台灣複雜的積體電子電路(不短路)造的出來，基礎建設的交通安全(短路)卻營建不出來？?,0,2023-06-24T06:10:13Z
s5zW5IHcLi8,@Kanazawa1997,無言…無言…無言…可能永遠跟不上日本了。,0,2023-06-20T07:41:41Z
s5zW5IHcLi8,@fuermabinogi0,"<a href=""http://www.youtube.com/results?search_query=%23itdeservesgreenmark"">＃ItDeservesGreenMark</a>　<a href=""http://www.youtube.com/results?search_query=%23%E9%80%99%E6%87%89%E8%A9%B2%E7%B6%A0%E6%A8%99"">＃這應該綠標</a>",1,2023-06-19T04:41:53Z
s5zW5IHcLi8,@0317loveyz,各位關心行人路權的朋友們，邀請大家一同參與8/27 的「還路於民」行人路權大遊行！這是我發起的活動，是台灣首次公民自主發起、跨黨派、不分顏色的行人路權大遊行，希望藉此喚起更多人對行人安全的重視，幫台灣在交通改革的關鍵時刻，讓所有行人的聲音都能被聽到，為所有相關單位撐起更大的對話空間，並希望政府以「交通零死亡願景」為長期目標，改善用路環境，落實人本交通，使每一位用路人都有完善安全的空間。,0,2023-06-16T11:03:06Z
s5zW5IHcLi8,@lingling-vv9nx,"台灣真的很棒，出國才能知道我們有多麼的幸福！<br>美食、醫療、社會安全 尤其是道路安全特別讚!  駕駛者都是謙卑有禮之人,每天走在馬路上都是滿滿的安心，這些都是在國外很難擁有的!",1,2023-05-17T16:30:56Z
s5zW5IHcLi8,@airimaimi1970,台灣人奸詐<br>走的多半是客氣路線<br>撞人撞的兇 !,1,2023-05-16T14:32:12Z
s5zW5IHcLi8,@BlackRockNeko,我安駕概念全部都是從網上學來，台灣考照制度完完全全沒有把安駕當一回事，過了就有用路權但就是完全沒有安駕概念，當自己家在開的三寶滿街跑，駕照考試的安駕課就是看無聊到爆的幻燈片也沒說保持安全車距，行人穿越要停讓，支道讓幹道，轉彎車讓直行車，就播一堆毫無意義的車禍影片。<br>台灣的道路設計也是個問題，一堆路設又大又寬設一個完完全全不合理的速限，路設這麼寬能不快也難，還有些路寬的跟跑車賽道一樣，一堆毫無意義的紅綠燈浪費用路人時間，沒紅綠燈的路口一出車禍就插紅綠燈，也不看看自己的道路規劃有多差，停止線畫在看不到左右來車的地方，開一開就變左轉道的也有，道路一改一堆舊有概念的長輩出來護航說原本的比較好，人行道本來就要有了，轉彎車分流也是，路寬開起來比較安全的這種話也可以講出來真的是不懂。<br>台灣交通問題多到都可以做出一本教科書了,1,2023-05-14T16:57:47Z
s5zW5IHcLi8,@TmbJOuO,"<a href=""http://www.youtube.com/results?search_query=%23itdeservesgreenmark"">＃ItDeservesGreenMark</a>　<a href=""http://www.youtube.com/results?search_query=%23%E9%80%99%E6%87%89%E8%A9%B2%E7%B6%A0%E6%A8%99"">＃這應該綠標</a><br>究竟為什麼會被黃標啊",0,2023-05-14T12:51:47Z
s5zW5IHcLi8,@RyanLin-yt1sb,重新整治公務員吧 冗員一堆,0,2023-05-14T12:45:00Z
s5zW5IHcLi8,@shiyu5895,"監理單位放任駕訓班的學員開在四線道內車道練習影響交通及烤出駕照以後理所當然的龜素在內車道行駛,最大的禍首是指導教練",0,2023-05-14T10:08:34Z
s5zW5IHcLi8,@zt_guo,3000人....香港的30倍.....,0,2023-05-14T09:07:19Z
s5zW5IHcLi8,@zxxx19,不是光禮讓問題而已，還有汽機車噪音問題、之前某國外朋友來台灣就講、怎麼街道改排氣管車那麼多、葡葡葡、警方也不抓？然後現在噪音新玩法還有機車加裝音響的，帶她經過北車要去吃飯、忽然有巨大吵雜破音的音樂響起、原來是有機車加裝音響、哎、在北車天橋下ㄟ、一堆人等紅燈在聽那個機車加裝音響的破噪音音樂、也沒看到警察出現、然後這國外朋友一臉嫌悪表情、我一臉慚愧表情、有問我、我說以前會抓現在不知道為何這樣、後來有問認識的警察、我們政府把噪音車抓的部份給環保局，問題是晚上環保局根本沒開、他們警察不能像以前可以開罰單，當場拆排氣管、拆改裝音響、只能開單、叫對方驗車而已，然後對方裝回原廠管去驗完、又裝回去、音響也是、拆再裝回、剛才才別的行人地獄影片、有一個韓國人留言、我是看翻譯文、說我們汽機車都開車都很猛，沒在讓（這個問題最近政府罰則有改善）、路上好像充滿尖叫聲（汽機車改裝管、還有現在機車加裝音響產生的噪音）、還有奇怪噪音、說像越南、他下次寧願去泰國也不會來台灣、政府啊處理處理吧，行人地獄除了汽機車禮讓問題還有、汽機車產生的噪音問題、來台灣的外國人都說名過其實😮，丟臉丟到國外去,0,2023-05-13T03:35:49Z
s5zW5IHcLi8,@楓-y4m,"<a href=""http://www.youtube.com/results?search_query=%23itdeservesgreenmark"">＃ItDeservesGreenMark</a>　<a href=""http://www.youtube.com/results?search_query=%23%E9%80%99%E6%87%89%E8%A9%B2%E7%B6%A0%E6%A8%99"">＃這應該綠標</a>  講行人安全的影片也會被黃標，Youtube的AI判別系統鰻神秘的。希望台灣未來能有對行人友善的交通環境和道路建設，駕駛素質也能提升。",0,2023-05-12T16:35:57Z
s5zW5IHcLi8,@edwardc8217,"<a href=""http://www.youtube.com/results?search_query=%23itdeservesgreenmark"">#ItDeservesGreenMark</a> <a href=""http://www.youtube.com/results?search_query=%23%E9%80%99%E6%87%89%E8%A9%B2%E7%B6%A0%E6%A8%99"">#這應該綠標</a>",0,2023-05-12T12:48:59Z
s5zW5IHcLi8,@lilinlin450,這就是台灣立法委員只要選參加紅白喜喪事，怠惰為民立法案件了,0,2023-05-12T03:15:55Z
s5zW5IHcLi8,@tom740827,廢物政府~怕跑票~,0,2023-05-12T01:22:19Z
s5zW5IHcLi8,@luckyland1022,"是因為標題文字或內容有死傷兩個字嘛？<br><a href=""http://www.youtube.com/results?search_query=%23itdeservesgreenmark"">＃ItDeservesGreenMark</a>　<a href=""http://www.youtube.com/results?search_query=%23%E9%80%99%E6%87%89%E8%A9%B2%E7%B6%A0%E6%A8%99"">＃這應該綠標</a>",0,2023-05-12T00:53:44Z
s5zW5IHcLi8,@nickhuang8508,台灣是有一群駕駛者很努力<br>但網路上一群行人致上的傲嬌行為<br>說什麼交通工具是殺人機器<br>更扯的是行人都不會有什麼危害自己的自私行為<br><br>那麼用這種敵對的方式把所有駕駛者都當成加加害者<br><br>只能說可悲啊………<br>如果不創造彼此合作而是對立<br>反而會加深更多誤會………,0,2023-05-11T01:18:56Z
s5zW5IHcLi8,@Loln543,"<a href=""http://www.youtube.com/results?search_query=%23itdeservesgreenmark"">＃ItDeservesGreenMark</a>　<a href=""http://www.youtube.com/results?search_query=%23%E9%80%99%E6%87%89%E8%A9%B2%E7%B6%A0%E6%A8%99"">＃這應該綠標</a>",0,2023-05-10T08:09:25Z
s5zW5IHcLi8,@georgelo2831,謝謝！,0,2023-05-09T10:49:20Z
s5zW5IHcLi8,@jimmy19244,"<a href=""http://www.youtube.com/results?search_query=%23%E9%80%99%E6%87%89%E8%A9%B2%E7%B6%A0%E6%A8%99"">#這應該綠標</a> 其實除了教育跟人本外，道路設計差且進步緩慢跟停車不足。也都是問題。政府的道路設計建議竟然沒有明確法律與行政規範，只有參考作用。<br><br>行人安全的確重要，但路權也是重要，政府怎麼一步步做到，我看不到的是藍圖。<br><br><br>在日本，在東京旅遊時，在美西遊學時，都感覺到，原來台灣交通設計與交通文化真的很差。是我們觀光發展的一大瓶頸。",0,2023-05-08T01:04:56Z
